feature,gene_name,selection_count,frequency,median_coef,mean_coef,importance_score,pathway,perm_importance_mean,perm_importance_std
gene_DUSP6,DUSP6,15,1.0,-0.6284563172605213,-0.6563559447961654,0.6284563172605213,MAPK_hsa04010,0.005357142857142827,0.004342442564830754
gene_FGF16,FGF16,14,0.9333333333333333,0.6484006473359529,0.6271307892302634,0.6051739375135561,PI3K_Akt_hsa04151,0.0,0.0
gene_CACNG5,CACNG5,14,0.9333333333333333,-0.6124311567929484,-0.6406426805284037,0.5716024130067519,MAPK_hsa04010,0.0,0.0
gene_GADD45A,GADD45A,13,0.8666666666666667,-0.6532178743805963,-0.6479777752614011,0.5661221577965169,p53_hsa04115,-0.008088235294117651,0.009707723824001705
gene_PRR5L,PRR5L,14,0.9333333333333333,-0.5533379416304554,-0.5076467804802244,0.5164487455217583,mTOR_hsa04150,0.0,0.0
gene_PRR5,PRR5,15,1.0,-0.47191445916879815,-0.4626759508749266,0.47191445916879815,mTOR_hsa04150,0.0,0.0
gene_YWHAG,YWHAG,15,1.0,0.4562389548880827,0.43918789039070333,0.4562389548880827,PI3K_Akt_hsa04151,0.0,0.0
gene_PPP2R2C,PPP2R2C,11,0.7333333333333333,-0.5984545340552743,-0.5515229997521985,0.4388666583072011,PI3K_Akt_hsa04151,0.0,0.0
gene_OSMR,OSMR,14,0.9333333333333333,0.46431199507949716,0.411117588620873,0.43335786207419735,PI3K_Akt_hsa04151,-2.2204460492503132e-17,0.0037286217120375883
gene_PIK3C2B,PIK3C2B,14,0.9333333333333333,0.4516625502910968,0.4785161818973388,0.4215517136050237,IGF1_signaling,0.0,0.0
gene_SERPINB5,SERPINB5,11,0.7333333333333333,0.5564157649120561,0.5700847685654223,0.40803822760217445,p53_hsa04115,0.0,0.0
gene_PTEN,PTEN,8,0.5333333333333333,-0.7595527755240674,-0.7826753509580009,0.40509481361283595,PI3K_Akt_hsa04151,0.0,0.0
gene_CACNA2D1,CACNA2D1,13,0.8666666666666667,0.46618071493513014,0.4442489584013015,0.4040232862771128,MAPK_hsa04010,0.0,0.0
gene_HSP90AA1,HSP90AA1,15,1.0,0.39064250653034693,0.46837947268948615,0.39064250653034693,PI3K_Akt_hsa04151,0.0,0.0
gene_SLC38A9,SLC38A9,14,0.9333333333333333,-0.416168273528127,-0.37574066720235877,0.38842372195958524,mTOR_hsa04150,0.0,0.0
gene_MAP2K2,MAP2K2,14,0.9333333333333333,-0.4047458762682903,-0.3462996874228293,0.3777628178504043,PI3K_Akt_hsa04151,0.0,0.0
gene_ATF6B,ATF6B,13,0.8666666666666667,0.4214118544947742,0.4347630474658209,0.3652236072288043,PI3K_Akt_hsa04151,0.0,0.0
gene_LPIN1,LPIN1,12,0.8,0.45029897664110735,0.4666172367901789,0.3602391813128859,mTOR_hsa04150,0.0,0.0
gene_TLE3,TLE3,13,0.8666666666666667,-0.3934325606443692,-0.41465499322021454,0.34097488589178665,WNT_hsa04310,0.0,0.0
gene_HSPA1B,HSPA1B,14,0.9333333333333333,0.36487665176298845,0.33594282938717573,0.34055154164545587,MAPK_hsa04010,0.0005252100840336005,0.004750176073359251
gene_STK11,STK11,12,0.8,-0.4053607694627315,-0.4181902074169892,0.3242886155701852,PI3K_Akt_hsa04151,0.015126050420168003,0.013478163808693626
gene_CCND2,CCND2,9,0.6,-0.5249492309014244,-0.5620714201327496,0.31496953854085463,WNT_hsa04310,0.0,0.0
gene_CACNA1I,CACNA1I,8,0.5333333333333333,-0.5744268492443114,-0.6172013220583416,0.30636098626363273,MAPK_hsa04010,0.0,0.0
gene_GNGT1,GNGT1,12,0.8,0.37600849451854723,0.35012864003785293,0.3008067956148378,PI3K_Akt_hsa04151,0.0,0.0
gene_IGF1R,IGF1R,14,0.9333333333333333,-0.321170797224236,-0.3179738802740476,0.2997594107426203,PI3K_Akt_hsa04151,0.0,0.0
gene_BAMBI,BAMBI,15,1.0,-0.29103916184940104,-0.24544644728553255,0.29103916184940104,WNT_hsa04310,0.0,0.0
gene_SOCS3,SOCS3,15,1.0,0.2902627692054907,0.2818437110115566,0.2902627692054907,IGF1_signaling,0.0,0.0
gene_YWHAB,YWHAB,13,0.8666666666666667,0.3324679617534626,0.33207311106313825,0.28813890018633426,PI3K_Akt_hsa04151,-0.0006302521008403561,0.011774080898489109
gene_PLA2G4E,PLA2G4E,13,0.8666666666666667,-0.3267391087545142,-0.3934192850947713,0.2831738942539123,MAPK_hsa04010,0.0,0.0
gene_CACNA2D3,CACNA2D3,14,0.9333333333333333,0.2994932964179675,0.31660996285962056,0.2795270766567697,MAPK_hsa04010,0.0,0.0
gene_RPS6KA2,RPS6KA2,9,0.6,-0.46221073425983755,-0.5016393201651265,0.2773264405559025,mTOR_hsa04150,0.0,0.0
gene_CACYBP,CACYBP,12,0.8,0.34653040294268955,0.3730906391039231,0.2772243223541517,WNT_hsa04310,0.0,0.0
gene_MSH2,MSH2,11,0.7333333333333333,-0.3772160213689648,-0.3089168221003696,0.27662508233724087,MMR_hsa03430,-0.0007352941176470784,0.003931715813490096
gene_CACNG3,CACNG3,12,0.8,0.3438701332877276,0.37465985324312445,0.2750961066301821,MAPK_hsa04010,0.0,0.0
gene_ITGA10,ITGA10,13,0.8666666666666667,-0.31168785379093833,-0.3407657172410449,0.27012947328547987,PI3K_Akt_hsa04151,0.005252100840336093,0.019584069220876323
gene_CSF3,CSF3,15,1.0,-0.2667098752429671,-0.28944431669641524,0.2667098752429671,PI3K_Akt_hsa04151,0.0,0.0
gene_RRAGA,RRAGA,12,0.8,0.32983094130940954,0.3238605243230163,0.26386475304752766,mTOR_hsa04150,0.020903361344537776,0.010634174883207883
gene_COL6A5,COL6A5,14,0.9333333333333333,0.28044218040353647,0.2688300336229185,0.2617460350433007,PI3K_Akt_hsa04151,0.0,0.0
gene_ATP6V1C1,ATP6V1C1,9,0.6,-0.4273415855513083,-0.390171126435487,0.25640495133078495,mTOR_hsa04150,0.0,0.0
gene_EFNA3,EFNA3,10,0.6666666666666666,0.380878002023798,0.3674748391917119,0.2539186680158653,PI3K_Akt_hsa04151,0.02058823529411761,0.013608516588824903
gene_BID,BID,12,0.8,0.3170825758795046,0.35015838285411194,0.2536660607036037,p53_hsa04115,0.0,0.0
gene_GNB5,GNB5,12,0.8,0.31472010993177224,0.3459524129795543,0.2517760879454178,PI3K_Akt_hsa04151,0.0,0.0
gene_NF1,NF1,12,0.8,0.311670770197846,0.3141491491900914,0.24933661615827682,MAPK_hsa04010,0.0,0.0
gene_CDKN2A,CDKN2A,13,0.8666666666666667,-0.2872990058185496,-0.2899565855901138,0.24899247170940966,p53_hsa04115,-0.0021008403361344463,0.0013286880925077176
gene_RFC1,RFC1,12,0.8,0.2935671244851441,0.2829359453010227,0.2348536995881153,MMR_hsa03430,0.0,0.0
gene_PLA2G4B,PLA2G4B,12,0.8,-0.2933422487744676,-0.27432893922930973,0.23467379901957408,MAPK_hsa04010,0.0,0.0
gene_RPRM,RPRM,12,0.8,0.28995079358744136,0.2984440018907377,0.2319606348699531,p53_hsa04115,0.0,0.0
gene_IFNA10,IFNA10,11,0.7333333333333333,0.3127843006082512,0.29890332715061546,0.2293751537793842,PI3K_Akt_hsa04151,0.008928571428571386,0.00587202725183769
gene_IL1RAP,IL1RAP,10,0.6666666666666666,-0.3440159642039412,-0.36891024948089524,0.2293439761359608,MAPK_hsa04010,0.0,0.0
gene_RPS6KB1,RPS6KB1,12,0.8,0.2848524915743853,0.24771626953724982,0.22788199325950825,PI3K_Akt_hsa04151,0.0,0.0
gene_RPS6KA6,RPS6KA6,11,0.7333333333333333,-0.3079930828303487,-0.35136675300883086,0.22586159407558903,mTOR_hsa04150,0.0,0.0
gene_CCNE1,CCNE1,13,0.8666666666666667,-0.26014519940217246,-0.2612339022289664,0.22545917281521613,PI3K_Akt_hsa04151,0.0055672268907562715,0.006526990076851252
gene_LPAR1,LPAR1,12,0.8,-0.28053676307985304,-0.2997618788824961,0.22442941046388243,PI3K_Akt_hsa04151,0.0,0.0
gene_WNT3,WNT3,9,0.6,-0.3725345778543393,-0.3521978514043989,0.22352074671260358,WNT_hsa04310,0.0,0.0
gene_ATP6V1E2,ATP6V1E2,12,0.8,0.27228915741367476,0.3130553427706054,0.21783132593093982,mTOR_hsa04150,0.0,0.0
gene_DKK2,DKK2,8,0.5333333333333333,0.4082141131696073,0.36277402687792903,0.21771419369045722,WNT_hsa04310,0.0,0.0
gene_F2R,F2R,9,0.6,0.3582515141019846,0.3655398552628493,0.21495090846119075,PI3K_Akt_hsa04151,0.0,0.0
gene_CDC25B,CDC25B,10,0.6666666666666666,-0.31566311780137546,-0.32816915357562404,0.2104420785342503,MAPK_hsa04010,-0.002941176470588236,0.0016806722689075655
gene_STK4,STK4,10,0.6666666666666666,0.31392947758078255,0.31976370331923326,0.20928631838718836,MAPK_hsa04010,0.0,0.0
gene_APCDD1L,APCDD1L,10,0.6666666666666666,0.3094034967982686,0.23908954209744931,0.2062689978655124,WNT_hsa04310,-0.0012605042016807012,0.00920302357723089
gene_CCDC88C,CCDC88C,13,0.8666666666666667,-0.23682311881518253,-0.21066880379380817,0.2052467029731582,WNT_hsa04310,0.0,0.0
gene_TCF7L2,TCF7L2,8,0.5333333333333333,0.37799258643819217,0.34472126466264064,0.20159604610036916,WNT_hsa04310,0.0,0.0
gene_SFN,SFN,14,0.9333333333333333,0.21249128564839004,0.27076648541871623,0.19832519993849737,p53_hsa04115,0.0,0.0
gene_FGF10,FGF10,7,0.4666666666666667,0.4245054045016195,0.3389030289538021,0.19810252210075577,PI3K_Akt_hsa04151,0.0,0.0
gene_COL9A2,COL9A2,8,0.5333333333333333,0.3663450589363796,0.3305744024848729,0.19538403143273578,PI3K_Akt_hsa04151,0.0,0.0
gene_FGFR2,FGFR2,9,0.6,-0.3204389825361928,-0.3321378018498348,0.19226338952171568,PI3K_Akt_hsa04151,0.0,0.0
gene_GRB10,GRB10,7,0.4666666666666667,0.4092426984969785,0.4165298052272151,0.19097992596525662,mTOR_hsa04150,0.0,0.0
gene_ATM,ATM,9,0.6,0.3182919368374278,0.35096073271530087,0.19097516210245666,p53_hsa04115,-0.0011554621848739455,0.0005656685721779921
gene_IFNA8,IFNA8,9,0.6,0.3140853869946968,0.29430505711245963,0.18845123219681806,PI3K_Akt_hsa04151,-0.002836134453781514,0.0044080116088985825
gene_EFNA1,EFNA1,8,0.5333333333333333,0.3494296313555551,0.3193906575151224,0.18636247005629605,PI3K_Akt_hsa04151,0.0,0.0
gene_LAMTOR4,LAMTOR4,4,0.26666666666666666,0.6820661697448855,0.6975088985872718,0.18188431193196947,mTOR_hsa04150,0.0,0.0
gene_CDK6,CDK6,8,0.5333333333333333,-0.338547374532113,-0.3122569352906659,0.18055859975046026,PI3K_Akt_hsa04151,-0.01008403361344542,0.007189049845491059
gene_MAGI2,MAGI2,12,0.8,-0.2215173947140756,-0.24021214348032097,0.1772139157712605,PI3K_Akt_hsa04151,0.0,0.0
gene_COL6A6,COL6A6,4,0.26666666666666666,-0.6573683376300117,-0.6644094997912071,0.1752982233680031,PI3K_Akt_hsa04151,0.0,0.0
gene_CYCS,CYCS,11,0.7333333333333333,-0.23548446414822075,-0.24431536671118995,0.17268860704202854,p53_hsa04115,0.0,0.0
gene_IFNA1,IFNA1,9,0.6,0.2842501797960533,0.3031752734987566,0.170550107877632,PI3K_Akt_hsa04151,0.0,0.0
gene_POLD4,POLD4,5,0.3333333333333333,0.49636032223478965,0.5673456478990909,0.16545344074492987,MMR_hsa03430,0.015126050420168036,0.013913210663696184
gene_SEC13,SEC13,5,0.3333333333333333,-0.4893272233265117,-0.42229748390171695,0.16310907444217054,mTOR_hsa04150,0.0,0.0
gene_APCDD1,APCDD1,8,0.5333333333333333,0.30423864728084177,0.3734070126982327,0.1622606118831156,WNT_hsa04310,-0.03350840336134455,0.029563123444211695
gene_DVL1,DVL1,4,0.26666666666666666,0.603355448696738,0.6157562856762256,0.16089478631913012,WNT_hsa04310,0.0,0.0
gene_CACNB3,CACNB3,11,0.7333333333333333,-0.21289992867336263,-0.23478405152810813,0.15612661436046593,MAPK_hsa04010,0.0,0.0
gene_FZD8,FZD8,10,0.6666666666666666,-0.2331715513000166,-0.29306661137262563,0.15544770086667772,WNT_hsa04310,0.0,0.0
gene_MAPK11,MAPK11,9,0.6,-0.2523464127544244,-0.27894511518410237,0.1514078476526546,MAPK_hsa04010,-0.005882352941176505,0.007974896174832916
gene_ELK1,ELK1,12,0.8,0.18841879850334559,0.2193672381922457,0.15073503880267647,MAPK_hsa04010,0.0076680672268907065,0.014743723821793574
gene_BDNF,BDNF,10,0.6666666666666666,-0.2242973167295304,-0.2808510700216863,0.14953154448635358,PI3K_Akt_hsa04151,0.0,0.0
gene_FOSL1,FOSL1,5,0.3333333333333333,0.4451703347807091,0.4882971950758022,0.14839011159356968,WNT_hsa04310,0.0,0.0
gene_LAMA3,LAMA3,5,0.3333333333333333,0.4430832475325838,0.4480026018330737,0.1476944158441946,PI3K_Akt_hsa04151,0.004201680672268881,0.004971495616050096
gene_IRAK4,IRAK4,6,0.4,-0.36458613970740994,-0.3967310838413122,0.14583445588296398,MAPK_hsa04010,0.018697478991596583,0.01971210774073931
gene_PGF,PGF,14,0.9333333333333333,0.15473967562749255,0.18397234964881035,0.14442369725232637,PI3K_Akt_hsa04151,0.0,0.0
gene_PLA2G4A,PLA2G4A,8,0.5333333333333333,-0.2697183591497322,-0.23228840854798827,0.14384979154652383,MAPK_hsa04010,0.0,0.0
gene_CHEK2,CHEK2,12,0.8,-0.17979955628297878,-0.17634245782801825,0.14383964502638302,p53_hsa04115,0.0,0.0
gene_ITGA5,ITGA5,11,0.7333333333333333,-0.19465200927815715,-0.15226446385999387,0.1427448068039819,PI3K_Akt_hsa04151,0.0,0.0
gene_MAPK8IP2,MAPK8IP2,4,0.26666666666666666,-0.5350915041046558,-0.5554965455663914,0.14269106776124155,MAPK_hsa04010,0.0,0.0
gene_EFNA5,EFNA5,12,0.8,0.17262015775886178,0.22027704621163613,0.13809612620708941,PI3K_Akt_hsa04151,0.0,0.0
gene_FGFR4,FGFR4,9,0.6,0.22956431395079596,0.18656855054347388,0.13773858837047756,PI3K_Akt_hsa04151,0.0,0.0
gene_PTPRR,PTPRR,6,0.4,0.3425733658957228,0.28529481705821375,0.13702934635828912,MAPK_hsa04010,0.0,0.0
gene_HSPA1A,HSPA1A,10,0.6666666666666666,-0.20078135479411838,-0.17558375369410792,0.13385423652941225,MAPK_hsa04010,0.0,0.0
gene_TBL1Y,TBL1Y,11,0.7333333333333333,0.1813775238155667,0.1771857400766202,0.13301018413141558,WNT_hsa04310,0.0,0.0
gene_DUSP9,DUSP9,11,0.7333333333333333,-0.18031841898073833,-0.23439190923911155,0.13223350725254143,MAPK_hsa04010,0.0,0.0
gene_CTBP1,CTBP1,12,0.8,-0.1615101087513611,-0.19453525755220516,0.12920808700108888,WNT_hsa04310,0.0,0.0
gene_RFC2,RFC2,11,0.7333333333333333,0.1751863081258421,0.2396483616609484,0.1284699592922842,MMR_hsa03430,0.0,0.0
gene_GHR,GHR,10,0.6666666666666666,0.19238574414924883,0.19306516818610392,0.1282571627661659,PI3K_Akt_hsa04151,-0.012394957983193278,0.01109474447605958
gene_PPP2R3A,PPP2R3A,7,0.4666666666666667,-0.2740261835140123,-0.33917146484442867,0.1278788856398724,PI3K_Akt_hsa04151,0.0,0.0
gene_PIK3CA,PIK3CA,13,0.8666666666666667,-0.1469980678738298,-0.17845177437800988,0.1273983254906525,PI3K_Akt_hsa04151,-0.00441176470588236,0.0023393967911050657
gene_MDM2,MDM2,9,0.6,-0.21147616318379667,-0.22296971206456995,0.12688569791027798,PI3K_Akt_hsa04151,0.0,0.0
gene_ATF2,ATF2,6,0.4,0.31511848792882946,0.30505043854772906,0.1260473951715318,PI3K_Akt_hsa04151,0.0,0.0
gene_CDKN1A,CDKN1A,9,0.6,0.20989878083949584,0.2168707384701531,0.1259392685036975,PI3K_Akt_hsa04151,0.0035714285714285253,0.015187201320947754
gene_GH2,GH2,14,0.9333333333333333,0.1322063104795261,0.18482998542357879,0.1233925564475577,PI3K_Akt_hsa04151,0.0,0.0
gene_LAMB4,LAMB4,5,0.3333333333333333,0.36888055751458876,0.4253441535868179,0.12296018583819625,PI3K_Akt_hsa04151,0.008088235294117618,0.001995798319327724
gene_IRS2,IRS2,7,0.4666666666666667,-0.26346247404677353,-0.22357315287099097,0.12294915455516098,IGF1_signaling,0.0,0.0
gene_PPP2R2B,PPP2R2B,10,0.6666666666666666,0.18133593990251273,0.21075171559134537,0.12089062660167516,PI3K_Akt_hsa04151,0.0,0.0
gene_DDIT3,DDIT3,14,0.9333333333333333,0.12691852497650785,0.13162395142153113,0.11845728997807399,MAPK_hsa04010,0.0,0.0
gene_CREBBP,CREBBP,3,0.2,-0.5882342516752331,-0.4813470875245653,0.11764685033504663,WNT_hsa04310,-2.2204460492503132e-17,0.00612494946937531
gene_IFNA17,IFNA17,7,0.4666666666666667,0.2518214068524422,0.212283435802117,0.1175166565311397,PI3K_Akt_hsa04151,0.00451680672268906,0.004432972236556537
gene_IFNA4,IFNA4,9,0.6,0.19521704319027874,0.2330187128195801,0.11713022591416725,PI3K_Akt_hsa04151,-0.0006302521008403339,0.0006967699139402077
gene_FOXO3,FOXO3,3,0.2,0.5793346282885627,0.46343619392643776,0.11586692565771256,PI3K_Akt_hsa04151,0.0,0.0
gene_SOX17,SOX17,6,0.4,0.28563467546914145,0.2706460443780332,0.11425387018765659,WNT_hsa04310,0.0,0.0
gene_DKK1,DKK1,5,0.3333333333333333,-0.34254126009586155,-0.31438545982145644,0.11418042003195385,WNT_hsa04310,0.0,0.0
gene_ERBB4,ERBB4,9,0.6,-0.18853763813587382,-0.18354754777414448,0.11312258288152428,PI3K_Akt_hsa04151,0.0,0.0
gene_SEH1L,SEH1L,10,0.6666666666666666,-0.1682736488926112,-0.1961424992146572,0.11218243259507413,mTOR_hsa04150,-0.0010504201680672566,0.006935955470260168
gene_MAPKAPK5,MAPKAPK5,4,0.26666666666666666,-0.42049655249384826,-0.5272017127993754,0.11213241399835953,MAPK_hsa04010,0.0,0.0
gene_GNG3,GNG3,9,0.6,0.18671003772402756,0.27123325323708714,0.11202602263441654,PI3K_Akt_hsa04151,0.0,0.0
gene_FRZB,FRZB,5,0.3333333333333333,0.3332204174155694,0.2499179296540853,0.11107347247185646,WNT_hsa04310,0.0,0.0
gene_RPS6KA4,RPS6KA4,3,0.2,-0.546623944762618,-0.5188093346872014,0.10932478895252361,MAPK_hsa04010,-0.0021008403361344797,0.0015580248922469975
gene_LPAR4,LPAR4,8,0.5333333333333333,0.2030255159310303,0.23358957012996506,0.10828027516321616,PI3K_Akt_hsa04151,0.0,0.0
gene_CCNB2,CCNB2,9,0.6,-0.17982257708878407,-0.18680726387856306,0.10789354625327044,p53_hsa04115,0.0,0.0
gene_CAB39L,CAB39L,5,0.3333333333333333,-0.318894798420961,-0.33999978077659293,0.10629826614032034,mTOR_hsa04150,0.0,0.0
gene_IGFBP6,IGFBP6,9,0.6,0.1771433371638475,0.17096697027215266,0.1062860022983085,IGF1_signaling,-0.003991596638655492,0.009985071124635429
gene_CREB3L3,CREB3L3,8,0.5333333333333333,-0.1975332213016243,-0.18497028209454258,0.10535105136086628,PI3K_Akt_hsa04151,0.0,0.0
gene_LAMA4,LAMA4,5,0.3333333333333333,0.3097657385874878,0.2865669057340693,0.10325524619582926,PI3K_Akt_hsa04151,0.0,0.0
gene_DDB2,DDB2,9,0.6,-0.17010116969433128,-0.15905593729637926,0.10206070181659876,p53_hsa04115,0.0,0.0
gene_RASGRP3,RASGRP3,11,0.7333333333333333,0.13765441377199725,0.15131313107410316,0.10094657009946464,MAPK_hsa04010,0.0,0.0
gene_GNB3,GNB3,4,0.26666666666666666,-0.37516609987801164,-0.5022953624817876,0.1000442933008031,PI3K_Akt_hsa04151,0.0,0.0
gene_ATP6V1F,ATP6V1F,5,0.3333333333333333,0.298936789715979,0.23770511789325915,0.09964559657199298,mTOR_hsa04150,0.00451680672268906,0.002659451449826075
gene_VEGFB,VEGFB,4,0.26666666666666666,0.37336377566920964,0.3748462853079521,0.09956367351178924,PI3K_Akt_hsa04151,0.0,0.0
gene_ATP6V1A,ATP6V1A,8,0.5333333333333333,-0.1859407901076087,-0.16283628614528312,0.09916842139072464,mTOR_hsa04150,0.0,0.0
gene_SERPINF1,SERPINF1,6,0.4,-0.2477433428616102,-0.23168388239619397,0.09909733714464408,WNT_hsa04310,0.0038865546218487257,0.008231568570783667
gene_STEAP3,STEAP3,4,0.26666666666666666,-0.3687736023019139,-0.27881851447015427,0.09833962728051038,p53_hsa04115,0.0,0.0
gene_EP300,EP300,3,0.2,-0.48440146920713806,-0.44177865922190934,0.09688029384142761,WNT_hsa04310,0.015651260504201625,0.008223522069768808
gene_PRKAR2B,PRKAR2B,8,0.5333333333333333,0.18086185811025762,0.19232233350474012,0.09645965765880407,IGF1_signaling,0.0,0.0
gene_MAP3K21,MAP3K21,8,0.5333333333333333,-0.1807567278879405,-0.20388008614812245,0.0964035882069016,MAPK_hsa04010,0.0,0.0
gene_LPAR5,LPAR5,3,0.2,-0.4765705473806177,-0.42338329167930394,0.09531410947612355,PI3K_Akt_hsa04151,0.0,0.0
gene_SSBP1,SSBP1,10,0.6666666666666666,0.14282654987140644,0.1885786136242827,0.09521769991427095,MMR_hsa03430,0.0,0.0
gene_GYS2,GYS2,8,0.5333333333333333,0.17721783313441344,0.1784022629742336,0.09451617767168717,PI3K_Akt_hsa04151,0.0,0.0
gene_RUVBL1,RUVBL1,6,0.4,-0.23343154917812353,-0.19297530439836127,0.09337261967124942,WNT_hsa04310,0.0,0.0
gene_NRAS,NRAS,5,0.3333333333333333,-0.2795205398511069,-0.16670443968774565,0.0931735132837023,PI3K_Akt_hsa04151,0.0,0.0
gene_CREB3L4,CREB3L4,6,0.4,0.23188845765410912,0.2475559844020185,0.09275538306164366,PI3K_Akt_hsa04151,0.0,0.0
gene_ANGPT1,ANGPT1,8,0.5333333333333333,0.17359102970730356,0.15375776271229408,0.0925818825105619,PI3K_Akt_hsa04151,0.0,0.0
gene_SLC3A2,SLC3A2,7,0.4666666666666667,0.19511180266845177,0.174408946939227,0.09105217457861083,mTOR_hsa04150,0.0,0.0
gene_PIK3R4,PIK3R4,7,0.4666666666666667,-0.19465343642206528,-0.19931001542442472,0.09083827033029714,IGF1_signaling,-0.0046218487394958045,0.002978455226629793
gene_NFATC1,NFATC1,5,0.3333333333333333,-0.2691317527005963,-0.318056149597183,0.08971058423353209,WNT_hsa04310,0.0,0.0
gene_CCND3,CCND3,6,0.4,-0.22394539126467516,-0.25093855526249215,0.08957815650587007,WNT_hsa04310,0.0,0.0
gene_FGF6,FGF6,5,0.3333333333333333,0.2661414896819348,0.18235728320593755,0.08871382989397826,PI3K_Akt_hsa04151,0.0,0.0
gene_LPIN2,LPIN2,9,0.6,0.14767005482604573,0.13780973747559755,0.08860203289562743,mTOR_hsa04150,-0.016176470588235382,0.014564142867594122
gene_FGF20,FGF20,10,0.6666666666666666,0.13268168592655039,0.1795005675598858,0.08845445728436692,PI3K_Akt_hsa04151,0.0,0.0
gene_SERPINE1,SERPINE1,8,0.5333333333333333,0.16559092349877635,0.10901319983018473,0.08831515919934739,p53_hsa04115,0.0,0.0
gene_SFRP4,SFRP4,8,0.5333333333333333,0.16448630742476447,0.25424588414823723,0.08772603062654105,WNT_hsa04310,0.0,0.0
gene_PCK1,PCK1,10,0.6666666666666666,0.13116545138506663,0.10504880793148788,0.08744363425671109,PI3K_Akt_hsa04151,0.0,0.0
gene_POLD2,POLD2,6,0.4,0.21699121429868545,0.2132413907594489,0.08679648571947418,MMR_hsa03430,0.0,0.0
gene_RNF43,RNF43,6,0.4,-0.21577410109379194,-0.2460521699422615,0.08630964043751678,WNT_hsa04310,0.0,0.0
gene_FGF18,FGF18,4,0.26666666666666666,0.3149174016328844,0.30732643968022805,0.08397797376876917,PI3K_Akt_hsa04151,0.0,0.0
gene_MSH6,MSH6,10,0.6666666666666666,-0.12454780616043451,-0.12390794597023343,0.083031870773623,MMR_hsa03430,0.0,0.0
gene_IGFBP4,IGFBP4,9,0.6,0.13820957978675785,0.13325092372562766,0.08292574787205471,IGF1_signaling,0.0,0.0
gene_PAK1,PAK1,2,0.13333333333333333,0.6189476196921198,0.6189476196921198,0.08252634929228263,MAPK_hsa04010,0.0,0.0
gene_ERBB3,ERBB3,3,0.2,0.41089672442537956,0.3922141053576658,0.08217934488507592,PI3K_Akt_hsa04151,0.0,0.0
gene_GNG8,GNG8,3,0.2,0.4085606524501433,0.34429527318937697,0.08171213049002866,PI3K_Akt_hsa04151,0.0,0.0
gene_STRADB,STRADB,10,0.6666666666666666,0.12188584456228341,0.12464941934968991,0.08125722970818894,mTOR_hsa04150,0.0,0.0
gene_FZD10,FZD10,10,0.6666666666666666,0.11950446859381132,0.09488618936300884,0.07966964572920754,WNT_hsa04310,0.0,0.0
gene_ITGA7,ITGA7,10,0.6666666666666666,-0.11925849297951024,-0.08008170041192496,0.07950566198634015,PI3K_Akt_hsa04151,0.0,0.0
gene_CREB1,CREB1,7,0.4666666666666667,-0.16976980200217462,-0.15892510741356847,0.07922590760101482,PI3K_Akt_hsa04151,-0.013655462184874012,0.01285638763091956
gene_MAPK14,MAPK14,6,0.4,-0.19610565088781026,-0.1896434290842306,0.07844226035512411,MAPK_hsa04010,-0.014390756302521046,0.008041719346816491
gene_CACNA1A,CACNA1A,9,0.6,-0.12928137061500952,-0.15944023851795708,0.07756882236900571,MAPK_hsa04010,-0.001995798319327724,0.001657535067023051
gene_RFC3,RFC3,3,0.2,-0.3878352114475043,-0.343907111329204,0.07756704228950087,MMR_hsa03430,0.0012605042016806457,0.0029635999957281496
gene_NEDD4,NEDD4,6,0.4,0.19095666286932678,0.19264313737116268,0.07638266514773072,IGF1_signaling,0.0014705882352941124,0.002004073952556601
gene_BAD,BAD,6,0.4,0.19066862458550904,0.180682571883465,0.07626744983420362,PI3K_Akt_hsa04151,0.0,0.0
gene_NLK,NLK,10,0.6666666666666666,0.1143735680275774,0.14247261117041726,0.07624904535171825,WNT_hsa04310,0.0,0.0
gene_PLA2G4C,PLA2G4C,4,0.26666666666666666,0.28443450018072747,0.2932233658390152,0.075849200048194,MAPK_hsa04010,-0.004411764705882393,0.0045738531632515305
gene_MAGI1,MAGI1,4,0.26666666666666666,0.2843892643415381,0.2562208954653663,0.0758371371577435,PI3K_Akt_hsa04151,-0.0007352941176470562,0.0014131958032640405
gene_SESN3,SESN3,4,0.26666666666666666,-0.282001727777182,-0.2450153451150991,0.07520046074058187,p53_hsa04115,0.0,0.0
gene_RHEB,RHEB,8,0.5333333333333333,0.1409677483988091,0.1403438457198462,0.07518279914603151,PI3K_Akt_hsa04151,0.0,0.0
gene_TNR,TNR,9,0.6,0.12485931258641655,0.15691419881865612,0.07491558755184993,PI3K_Akt_hsa04151,0.0,0.0
gene_TGFB1,TGFB1,4,0.26666666666666666,0.2771829262954583,0.3061335930113307,0.07391544701212222,MAPK_hsa04010,0.0,0.0
gene_CACNA2D2,CACNA2D2,9,0.6,0.12265127130240228,0.10983268975168932,0.07359076278144136,MAPK_hsa04010,0.0,0.0
gene_ATR,ATR,8,0.5333333333333333,-0.13785733938140085,-0.1633315585657084,0.07352391433674713,p53_hsa04115,0.001050420168067212,0.0029710368957418095
gene_MAPK8IP3,MAPK8IP3,1,0.06666666666666667,1.0969434898987207,1.0969434898987207,0.07312956599324805,MAPK_hsa04010,0.0,0.0
gene_CDK1,CDK1,11,0.7333333333333333,0.09805296892654582,0.12169074390215777,0.07190551054613359,p53_hsa04115,0.0,0.0
gene_THBS2,THBS2,4,0.26666666666666666,0.26766886901767517,0.27865741876065214,0.07137836507138004,PI3K_Akt_hsa04151,0.0,0.0
gene_CSH1,CSH1,7,0.4666666666666667,0.15273366433434174,0.15038734237078394,0.07127571002269281,PI3K_Akt_hsa04151,0.0,0.0
gene_FZD7,FZD7,6,0.4,-0.1767245312141591,-0.1872294740297827,0.07068981248566364,WNT_hsa04310,0.0,0.0
gene_CASP8,CASP8,6,0.4,-0.17492019841492445,-0.18931865927999666,0.06996807936596978,p53_hsa04115,0.0,0.0
gene_ATP6V1C2,ATP6V1C2,8,0.5333333333333333,0.12964909549965292,0.10044751598228574,0.06914618426648156,mTOR_hsa04150,0.0,0.0
gene_WNT10A,WNT10A,4,0.26666666666666666,0.2556595341945624,0.27905217061546467,0.06817587578521664,WNT_hsa04310,0.0,0.0
gene_MYC,MYC,9,0.6,-0.1135057366574629,-0.12052487697253943,0.06810344199447774,WNT_hsa04310,0.0,0.0
gene_RRAGC,RRAGC,7,0.4666666666666667,-0.14524328812407167,-0.12803867506416536,0.06778020112456679,mTOR_hsa04150,0.0,0.0
gene_RSPO3,RSPO3,8,0.5333333333333333,-0.12535252069299022,-0.1050604388197308,0.06685467770292812,WNT_hsa04310,0.0,0.0
gene_TRADD,TRADD,5,0.3333333333333333,0.20053118977159906,0.11362347295177049,0.06684372992386635,MAPK_hsa04010,0.0,0.0
gene_RASGRF1,RASGRF1,5,0.3333333333333333,0.20027022598292785,0.18048944829490726,0.06675674199430928,MAPK_hsa04010,-0.0011554621848739455,0.0015185748208824484
gene_CTBP2,CTBP2,4,0.26666666666666666,-0.24957241008929454,-0.2588866656710559,0.06655264269047854,WNT_hsa04310,0.0,0.0
gene_RPA4,RPA4,7,0.4666666666666667,-0.14244505787408424,-0.1704408325601648,0.06647436034123931,MMR_hsa03430,0.0,0.0
gene_RPS6KA1,RPS6KA1,7,0.4666666666666667,0.13950969099580846,0.0781931815603023,0.06510452246471062,mTOR_hsa04150,0.0,0.0
gene_ITGAV,ITGAV,8,0.5333333333333333,0.12073119549325254,0.15082560643279774,0.06438997092973468,PI3K_Akt_hsa04151,0.0,0.0
gene_ELK4,ELK4,6,0.4,-0.16021419651750723,-0.166930895529942,0.0640856786070029,MAPK_hsa04010,0.0,0.0
gene_CACNA1D,CACNA1D,7,0.4666666666666667,0.13545048659823875,0.17542653718634718,0.06321022707917809,MAPK_hsa04010,0.0,0.0
gene_RYK,RYK,8,0.5333333333333333,0.1172067220335018,0.18082374413423025,0.06251025175120095,WNT_hsa04310,0.0,0.0
gene_WNT3A,WNT3A,2,0.13333333333333333,-0.46571122024897416,-0.46571122024897416,0.06209482936652989,WNT_hsa04310,0.0,0.0
gene_CD19,CD19,5,0.3333333333333333,-0.1861921478508744,-0.29236681590507557,0.0620640492836248,PI3K_Akt_hsa04151,0.0,0.0
gene_GADD45G,GADD45G,8,0.5333333333333333,-0.11518293848758658,-0.14955048533949689,0.061430900526712844,p53_hsa04115,-2.2204460492503132e-17,0.006124949469375312
gene_TP73,TP73,8,0.5333333333333333,0.112368645056929,0.12500589939345963,0.059929944030362135,p53_hsa04115,-0.002626050420168102,0.00388087252140991
gene_VEGFA,VEGFA,6,0.4,-0.14906395244829151,-0.19207236504126024,0.05962558097931661,PI3K_Akt_hsa04151,-0.0033613445378151583,0.010964696093025115
gene_SMAD3,SMAD3,9,0.6,0.09868086084391468,0.1286384287497164,0.059208516506348806,WNT_hsa04310,0.0,0.0
gene_MAPK8IP1,MAPK8IP1,2,0.13333333333333333,-0.4419717101187701,-0.4419717101187701,0.05892956134916935,MAPK_hsa04010,0.0,0.0
gene_RASD1,RASD1,10,0.6666666666666666,-0.08826142070389743,-0.14219633208464316,0.05884094713593162,IGF1_signaling,0.0,0.0
gene_ERAS,ERAS,9,0.6,0.0970272180208331,0.15556920937561425,0.058216330812499856,IGF1_signaling,0.0,0.0
gene_GRB2,GRB2,3,0.2,-0.2864225780662801,-0.29477862979127395,0.05728451561325602,PI3K_Akt_hsa04151,0.0,0.0
gene_PIK3R2,PIK3R2,4,0.26666666666666666,0.21474774797654844,0.1673200149942258,0.05726606612707958,PI3K_Akt_hsa04151,0.0,0.0
gene_COL9A1,COL9A1,8,0.5333333333333333,-0.10478918293596948,-0.0846149214848004,0.055887564232517055,PI3K_Akt_hsa04151,0.0,0.0
gene_TRAF2,TRAF2,3,0.2,0.2775118110104453,0.28906326589511805,0.05550236220208907,MAPK_hsa04010,0.0,0.0
gene_NFATC2,NFATC2,2,0.13333333333333333,0.4147989118572112,0.4147989118572112,0.05530652158096149,WNT_hsa04310,0.0,0.0
gene_CXXC4,CXXC4,3,0.2,0.2755397919176037,0.25478502418115184,0.05510795838352074,WNT_hsa04310,0.0,0.0
gene_GSK3B,GSK3B,4,0.26666666666666666,-0.20430202619122867,-0.1842131798151281,0.054480540317660975,WNT_hsa04310,0.0,0.0
gene_EIF4EBP1,EIF4EBP1,5,0.3333333333333333,0.1623352933164958,0.24651913092005168,0.05411176443883193,PI3K_Akt_hsa04151,0.021638655462184807,0.008313596192188796
gene_CCNB1,CCNB1,7,0.4666666666666667,0.1143464157301858,0.14062598386840575,0.0533616606740867,p53_hsa04115,0.0,0.0
gene_THEM4,THEM4,6,0.4,0.13313224354725206,0.13745767760330188,0.053252897418900824,PI3K_Akt_hsa04151,0.0,0.0
gene_SENP2,SENP2,9,0.6,-0.08861226237212019,-0.12197874981012753,0.05316735742327212,WNT_hsa04310,0.0,0.0
gene_FGFR3,FGFR3,5,0.3333333333333333,0.15933886440965167,0.13091849206191455,0.05311295480321722,PI3K_Akt_hsa04151,0.0,0.0
gene_MAPK7,MAPK7,2,0.13333333333333333,-0.39237045763254463,-0.39237045763254463,0.05231606101767262,MAPK_hsa04010,0.004621848739495782,0.0038221439913151654
gene_CSNK2A3,CSNK2A3,9,0.6,0.08630982288730926,0.08507136438814365,0.051785893732385554,WNT_hsa04310,0.010609243697478976,0.008277017654660447
gene_PTPN7,PTPN7,3,0.2,0.2579889083848939,0.10385278401202853,0.05159778167697879,MAPK_hsa04010,0.0,0.0
gene_AKT2,AKT2,6,0.4,-0.1285366552633314,-0.1357360637307333,0.05141466210533257,PI3K_Akt_hsa04151,-0.0059873949579831946,0.005677129881038514
gene_MCL1,MCL1,5,0.3333333333333333,-0.15329848641647476,-0.11285425827819791,0.05109949547215825,PI3K_Akt_hsa04151,0.0,0.0
gene_ATP6V1E1,ATP6V1E1,4,0.26666666666666666,0.19109199317402709,0.15573354036993775,0.05095786484640722,mTOR_hsa04150,0.0,0.0
gene_FGF8,FGF8,9,0.6,-0.08441449052329864,-0.15644258922134346,0.05064869431397918,PI3K_Akt_hsa04151,-0.0027310924369748023,0.003644821759012086
gene_COL4A1,COL4A1,6,0.4,-0.12520887278966755,-0.12285699994027897,0.05008354911586702,PI3K_Akt_hsa04151,0.0,0.0
gene_CACNG6,CACNG6,4,0.26666666666666666,0.1876521499200287,0.2010276000227062,0.050040573312007654,MAPK_hsa04010,0.016911764705882293,0.0028747756687823446
gene_CCND1,CCND1,8,0.5333333333333333,-0.09378671093981111,-0.10814769924179926,0.05001957916789926,WNT_hsa04310,0.005777310924369727,0.002626050420168058
gene_RRM2,RRM2,6,0.4,0.12433813672841332,0.18442203233632737,0.04973525469136533,p53_hsa04115,0.0,0.0
gene_TGFBR1,TGFBR1,5,0.3333333333333333,-0.1478901687545074,-0.1326452302823759,0.049296722918169125,MAPK_hsa04010,0.0,0.0
gene_MKNK1,MKNK1,7,0.4666666666666667,0.10552741576892212,0.18581903659366775,0.04924612735883032,MAPK_hsa04010,0.0,0.0
gene_PPP3CA,PPP3CA,3,0.2,0.24612162317283276,0.16482355090918557,0.04922432463456655,WNT_hsa04310,0.0,0.0
gene_NR4A1,NR4A1,2,0.13333333333333333,0.36834833289184826,0.36834833289184826,0.04911311105224644,PI3K_Akt_hsa04151,0.0,0.0
gene_KRAS,KRAS,4,0.26666666666666666,-0.18163311620217285,-0.19478364007009888,0.04843549765391276,PI3K_Akt_hsa04151,0.0,0.0
gene_NTRK1,NTRK1,1,0.06666666666666667,-0.7227385177611447,-0.7227385177611447,0.04818256785074298,PI3K_Akt_hsa04151,0.0015756302521008347,0.006811551612131689
gene_HSPA8,HSPA8,2,0.13333333333333333,-0.35521202632607635,-0.35521202632607635,0.04736160351014351,MAPK_hsa04010,0.0,0.0
gene_GNG7,GNG7,2,0.13333333333333333,-0.35519519575582936,-0.35519519575582936,0.047359359434110584,PI3K_Akt_hsa04151,0.0,0.0
gene_FGF22,FGF22,4,0.26666666666666666,0.17651181417197473,0.15110382423247484,0.04706981711252659,PI3K_Akt_hsa04151,0.027521008403361302,0.01262952803797406
gene_MAP2K6,MAP2K6,2,0.13333333333333333,0.3467621217087846,0.3467621217087846,0.04623494956117128,MAPK_hsa04010,0.0,0.0
gene_YWHAE,YWHAE,2,0.13333333333333333,-0.3417255046556703,-0.3417255046556703,0.04556340062075604,PI3K_Akt_hsa04151,0.008403361344537775,0.015714229541983805
gene_LAMA1,LAMA1,5,0.3333333333333333,0.13629140151628413,0.1362665425348802,0.04543046717209471,PI3K_Akt_hsa04151,-0.015231092436974814,0.007650780560768981
gene_ITGB8,ITGB8,2,0.13333333333333333,-0.33918401218154004,-0.33918401218154004,0.04522453495753867,PI3K_Akt_hsa04151,0.0,0.0
gene_EIF4E2,EIF4E2,5,0.3333333333333333,0.1341015561121032,0.1041306236974068,0.044700518704034395,PI3K_Akt_hsa04151,0.0,0.0
gene_CACNB2,CACNB2,1,0.06666666666666667,-0.6693509207116627,-0.6693509207116627,0.044623394714110844,MAPK_hsa04010,0.0,0.0
gene_LRP5,LRP5,3,0.2,0.22079494258407392,0.18757140446052756,0.04415898851681479,WNT_hsa04310,0.0,0.0
gene_CHRM2,CHRM2,3,0.2,-0.22063725589962066,-0.24164502305671967,0.044127451179924136,PI3K_Akt_hsa04151,0.0,0.0
gene_RICTOR,RICTOR,11,0.7333333333333333,0.06013979397462965,0.13571727008068957,0.04410251558139507,mTOR_hsa04150,0.0,0.0
gene_EI24,EI24,3,0.2,0.22037592511137186,0.22563634435377813,0.04407518502227437,p53_hsa04115,0.0,0.0
gene_FGF21,FGF21,1,0.06666666666666667,-0.6600610734036705,-0.6600610734036705,0.0440040715602447,PI3K_Akt_hsa04151,0.0,0.0
gene_PRKAA2,PRKAA2,4,0.26666666666666666,0.16479430252919458,0.04047286981742318,0.043945147341118554,PI3K_Akt_hsa04151,0.0,0.0
gene_MAP3K13,MAP3K13,11,0.7333333333333333,0.0596051261333779,0.06363746343407323,0.04371042583114379,MAPK_hsa04010,0.0,0.0
gene_MET,MET,2,0.13333333333333333,0.3237654126574747,0.3237654126574747,0.043168721687663295,PI3K_Akt_hsa04151,0.0,0.0
gene_PPM1B,PPM1B,7,0.4666666666666667,-0.09225855345854485,-0.1118113049074443,0.0430539916139876,MAPK_hsa04010,0.0,0.0
gene_RALB,RALB,5,0.3333333333333333,-0.128747549533287,-0.1317673114582949,0.04291584984442899,IGF1_signaling,0.0,0.0
gene_PLCB4,PLCB4,2,0.13333333333333333,0.3202124070787373,0.3202124070787373,0.04269498761049831,WNT_hsa04310,0.0,0.0
gene_PRKAA1,PRKAA1,5,0.3333333333333333,0.12788241521294744,0.11127220627210913,0.04262747173764914,PI3K_Akt_hsa04151,0.0,0.0
gene_GNB1,GNB1,3,0.2,0.21299308963530228,0.1584765987579219,0.04259861792706046,PI3K_Akt_hsa04151,0.009453781512605008,0.006124949469375294
gene_MAP2K7,MAP2K7,2,0.13333333333333333,0.31840328725611494,0.31840328725611494,0.04245377163414866,MAPK_hsa04010,0.0,0.0
gene_CSNK2A1,CSNK2A1,8,0.5333333333333333,-0.07909266215183688,-0.1048408722190037,0.042182753147646336,WNT_hsa04310,0.0,0.0
gene_TRAF6,TRAF6,3,0.2,-0.209563910788037,-0.15892692600807448,0.0419127821576074,MAPK_hsa04010,0.0,0.0
gene_JAK1,JAK1,4,0.26666666666666666,-0.15708848262796016,-0.18103881148390535,0.04189026203412271,PI3K_Akt_hsa04151,0.0,0.0
gene_PPM1D,PPM1D,5,0.3333333333333333,-0.1256392069406808,-0.1593703143066574,0.041879735646893596,p53_hsa04115,0.0,0.0
gene_CTNNBIP1,CTNNBIP1,3,0.2,0.20725687983573746,0.16526911891961785,0.04145137596714749,WNT_hsa04310,-0.00042016806722688926,0.0018907563025210017
gene_TELO2,TELO2,2,0.13333333333333333,0.30872003603752474,0.30872003603752474,0.041162671471669965,mTOR_hsa04150,0.00010504201680672232,0.0008725445234157611
gene_ITGA6,ITGA6,2,0.13333333333333333,-0.30599771785276375,-0.30599771785276375,0.04079969571370183,PI3K_Akt_hsa04151,0.0,0.0
gene_TAB1,TAB1,6,0.4,-0.10035179355878401,-0.08666448603724282,0.040140717423513605,MAPK_hsa04010,0.0,0.0
gene_NFATC3,NFATC3,1,0.06666666666666667,-0.5965065098516631,-0.5965065098516631,0.03976710065677754,WNT_hsa04310,-0.0025210084033613356,0.0010712225868892366
gene_RFC4,RFC4,7,0.4666666666666667,0.08497964575749838,0.08962436276423026,0.03965716802016591,MMR_hsa03430,0.0,0.0
gene_HRAS,HRAS,7,0.4666666666666667,-0.08435121430121864,-0.06523118237307582,0.039363900007235365,PI3K_Akt_hsa04151,0.0,0.0
gene_FZD4,FZD4,1,0.06666666666666667,-0.5902895793255626,-0.5902895793255626,0.03935263862170417,WNT_hsa04310,-0.0012605042016806678,0.0019254519726705143
gene_CACNA1B,CACNA1B,3,0.2,-0.19541317320560264,-0.2323913057826014,0.03908263464112053,MAPK_hsa04010,0.0,0.0
gene_CCAR2,CCAR2,2,0.13333333333333333,-0.29184989172777875,-0.29184989172777875,0.03891331889703717,WNT_hsa04310,-0.0036764705882353366,0.009409912220151752
gene_DKK4,DKK4,8,0.5333333333333333,-0.0723319680755974,-0.1123386165614392,0.03857704964031861,WNT_hsa04310,0.0,0.0
gene_CAMK2G,CAMK2G,2,0.13333333333333333,-0.28875591446804477,-0.28875591446804477,0.0385007885957393,WNT_hsa04310,0.0,0.0
gene_PMAIP1,PMAIP1,2,0.13333333333333333,0.2856895391501468,0.2856895391501468,0.038091938553352904,p53_hsa04115,0.0036764705882352698,0.00812634262073169
gene_IL6R,IL6R,3,0.2,0.18864742090268508,0.18931259924185997,0.037729484180537017,PI3K_Akt_hsa04151,-0.009033613445378175,0.009231753169210022
gene_ITGB5,ITGB5,4,0.26666666666666666,0.13939999057473598,0.15118122846796944,0.037173330819929594,PI3K_Akt_hsa04151,0.0,0.0
gene_COL6A1,COL6A1,3,0.2,-0.1858177517566685,-0.2609376682166431,0.0371635503513337,PI3K_Akt_hsa04151,0.0,0.0
gene_TLE6,TLE6,7,0.4666666666666667,0.0789851673388485,0.09657811013786939,0.0368597447581293,WNT_hsa04310,0.0,0.0
gene_IKBKG,IKBKG,2,0.13333333333333333,-0.27474634119751934,-0.27474634119751934,0.03663284549300258,PI3K_Akt_hsa04151,0.0,0.0
gene_WNT9A,WNT9A,2,0.13333333333333333,-0.272516898897625,-0.272516898897625,0.03633558651968333,WNT_hsa04310,0.0,0.0
gene_FGF17,FGF17,1,0.06666666666666667,0.5317702988054406,0.5317702988054406,0.03545135325369604,PI3K_Akt_hsa04151,0.0,0.0
gene_RALA,RALA,4,0.26666666666666666,-0.13226743927256876,-0.15646610488092688,0.035271317139351666,IGF1_signaling,0.0,0.0
gene_WNT7A,WNT7A,4,0.26666666666666666,0.13133063905269035,0.10193527527882619,0.035021503747384095,WNT_hsa04310,0.0,0.0
gene_MCC,MCC,2,0.13333333333333333,0.26121999756211517,0.26121999756211517,0.034829333008282025,WNT_hsa04310,0.0,0.0
gene_PIK3AP1,PIK3AP1,6,0.4,0.08639632553866153,0.07400609784276026,0.034558530215464615,PI3K_Akt_hsa04151,0.0,0.0
gene_ERBB2,ERBB2,3,0.2,0.1708788579669884,0.15318485218575348,0.03417577159339768,PI3K_Akt_hsa04151,0.0,0.0
gene_CD14,CD14,1,0.06666666666666667,0.5091713816544432,0.5091713816544432,0.03394475877696288,MAPK_hsa04010,0.0,0.0
gene_FGF4,FGF4,4,0.26666666666666666,0.12716692633599896,0.12052936736208114,0.03391118035626639,PI3K_Akt_hsa04151,0.0,0.0
gene_TLE2,TLE2,7,0.4666666666666667,0.07223745925044639,0.03720454477808065,0.03371081431687498,WNT_hsa04310,0.0,0.0
gene_DUSP2,DUSP2,9,0.6,0.05567825085975324,0.11663074883483054,0.03340695051585194,MAPK_hsa04010,0.0,0.0
gene_TGFA,TGFA,3,0.2,0.16694790516671712,0.16231048683114144,0.03338958103334343,PI3K_Akt_hsa04151,0.0,0.0
gene_RPA3,RPA3,5,0.3333333333333333,0.10011885102385691,0.11992801459314964,0.03337295034128564,MMR_hsa03430,0.00777310924369744,0.007250182322158567
gene_GYS1,GYS1,1,0.06666666666666667,-0.4983947237206847,-0.4983947237206847,0.03322631491471231,PI3K_Akt_hsa04151,0.0,0.0
gene_GNG12,GNG12,5,0.3333333333333333,0.09953053687729803,0.1456553940017488,0.033176845625766005,PI3K_Akt_hsa04151,0.0,0.0
gene_CACNG4,CACNG4,3,0.2,0.16561408534241878,0.22319887615038306,0.03312281706848376,MAPK_hsa04010,-0.00021008403361344463,0.002036840276225341
gene_OSM,OSM,2,0.13333333333333333,0.2480477743789622,0.2480477743789622,0.033073036583861626,PI3K_Akt_hsa04151,0.0,0.0
gene_WDR24,WDR24,2,0.13333333333333333,0.24628651509317895,0.24628651509317895,0.03283820201242386,mTOR_hsa04150,0.0,0.0
gene_FLT1,FLT1,6,0.4,-0.08174773624551995,-0.10280205126474345,0.03269909449820798,PI3K_Akt_hsa04151,0.0,0.0
gene_MLH3,MLH3,2,0.13333333333333333,0.2447225822579346,0.2447225822579346,0.03262967763439128,MMR_hsa03430,0.0,0.0
gene_COL4A3,COL4A3,3,0.2,-0.15986365172242645,-0.17743689203297253,0.03197273034448529,PI3K_Akt_hsa04151,-0.005357142857142882,0.006042427318600717
gene_TP53,TP53,2,0.13333333333333333,0.2392878339470428,0.2392878339470428,0.03190504452627237,WNT_hsa04310,0.0,0.0
gene_RET,RET,8,0.5333333333333333,0.05908460592220607,0.024972826248761827,0.03151178982517657,PI3K_Akt_hsa04151,-0.0006302521008403339,0.0008403361344537785
gene_STK3,STK3,5,0.3333333333333333,0.09404721207207142,0.10045731547296075,0.03134907069069047,MAPK_hsa04010,0.0,0.0
gene_THBS1,THBS1,3,0.2,0.1557199830741562,0.15666121330242785,0.031143996614831238,PI3K_Akt_hsa04151,0.0,0.0
gene_TNFRSF10A,TNFRSF10A,1,0.06666666666666667,0.4612641652399033,0.4612641652399033,0.03075094434932689,p53_hsa04115,0.001050420168067212,0.00485925777572286
gene_CREB3L1,CREB3L1,6,0.4,-0.07641155897108864,-0.10913564751485222,0.03056462358843546,PI3K_Akt_hsa04151,-0.01060924369747901,0.014910417360537078
gene_RPS6,RPS6,2,0.13333333333333333,-0.22583965765092268,-0.22583965765092268,0.030111954353456358,PI3K_Akt_hsa04151,0.0,0.0
gene_ITGA2,ITGA2,1,0.06666666666666667,-0.4443911351666494,-0.4443911351666494,0.029626075677776628,PI3K_Akt_hsa04151,0.0038865546218487036,0.006161768645404402
gene_GH1,GH1,5,0.3333333333333333,0.08880885602503581,0.10106888926298412,0.02960295200834527,PI3K_Akt_hsa04151,0.0009453781512605008,0.0015895741544560403
gene_AXIN2,AXIN2,8,0.5333333333333333,-0.05540456821645291,-0.0996025386814359,0.029549103048774887,WNT_hsa04310,-0.0011554621848739676,0.01218170416608798
gene_FASLG,FASLG,4,0.26666666666666666,-0.11024135774995264,-0.13565827291846433,0.02939769539998737,PI3K_Akt_hsa04151,-0.00220588235294118,0.008500618910161819
gene_PAK2,PAK2,5,0.3333333333333333,0.08819205425487664,0.06758032623731171,0.029397351418292212,MAPK_hsa04010,0.0,0.0
gene_LAMC1,LAMC1,5,0.3333333333333333,0.0880398726872583,0.057761154931444424,0.0293466242290861,PI3K_Akt_hsa04151,0.008928571428571386,0.006987465701496888
gene_STMN1,STMN1,5,0.3333333333333333,0.08784516489473947,0.08542683262189733,0.02928172163157982,MAPK_hsa04010,0.020588235294117595,0.020135214839504617
gene_ATP6V1G3,ATP6V1G3,1,0.06666666666666667,0.4319322705345531,0.4319322705345531,0.028795484702303538,mTOR_hsa04150,0.0,0.0
gene_RPA1,RPA1,1,0.06666666666666667,-0.42953828766952035,-0.42953828766952035,0.02863588584463469,MMR_hsa03430,0.0,0.0
gene_IRAK1,IRAK1,1,0.06666666666666667,-0.4249948058965632,-0.4249948058965632,0.02833298705977088,MAPK_hsa04010,0.0,0.0
gene_SOST,SOST,3,0.2,0.13999264993657154,0.12174828855147195,0.027998529987314308,WNT_hsa04310,0.0,0.0
gene_MAP2K1,MAP2K1,4,0.26666666666666666,0.1044061779329664,0.16812546066898068,0.02784164744879104,PI3K_Akt_hsa04151,0.007037815126050395,0.00289771307229699
gene_SOS1,SOS1,4,0.26666666666666666,-0.10364412340378529,-0.11035895802720935,0.027638432907676078,PI3K_Akt_hsa04151,0.001995798319327724,0.004613485557982704
gene_PMS2,PMS2,5,0.3333333333333333,-0.08215058192103399,-0.15596155463839761,0.027383527307011327,MMR_hsa03430,-0.0008403361344537896,0.0016806722689075586
gene_NOS3,NOS3,2,0.13333333333333333,-0.20454876808666023,-0.20454876808666023,0.027273169078221363,PI3K_Akt_hsa04151,0.0,0.0
gene_GNB4,GNB4,5,0.3333333333333333,0.0817164626425363,0.003897221195796924,0.027238820880845435,PI3K_Akt_hsa04151,0.004411764705882304,0.01155271183602312
gene_CHEK1,CHEK1,3,0.2,0.13573639345976246,0.1761195235890947,0.027147278691952492,p53_hsa04115,0.007352941176470562,0.006088813758903104
gene_RASGRP4,RASGRP4,1,0.06666666666666667,-0.4067426602246818,-0.4067426602246818,0.02711617734831212,MAPK_hsa04010,0.0,0.0
gene_RPA2,RPA2,1,0.06666666666666667,-0.4050831275290396,-0.4050831275290396,0.027005541835269306,MMR_hsa03430,0.0,0.0
gene_HSPA6,HSPA6,6,0.4,-0.06705300704280623,-0.021827797637410617,0.026821202817122494,MAPK_hsa04010,0.0,0.0
gene_CBY1,CBY1,5,0.3333333333333333,0.08014318547484832,0.10640488886532787,0.02671439515828277,WNT_hsa04310,0.0,0.0
gene_ATP6V1G2,ATP6V1G2,11,0.7333333333333333,0.03635412662892026,0.07365138212232615,0.026659692861208187,mTOR_hsa04150,0.0,0.0
gene_IFNA21,IFNA21,4,0.26666666666666666,0.09928988332760393,0.09927629512662511,0.02647730222069438,PI3K_Akt_hsa04151,0.044222689075630206,0.01299680081552603
gene_CCN1,CCN1,2,0.13333333333333333,0.1975336809665657,0.1975336809665657,0.026337824128875427,IGF1_signaling,0.0,0.0
gene_MAP3K6,MAP3K6,2,0.13333333333333333,-0.19750674313461192,-0.19750674313461192,0.026334232417948255,MAPK_hsa04010,0.0,0.0
gene_SKP2,SKP2,5,0.3333333333333333,-0.07885421328382879,-0.12203176203654001,0.02628473776127626,mTOR_hsa04150,0.0,0.0
gene_CDC37,CDC37,1,0.06666666666666667,-0.3934626698913393,-0.3934626698913393,0.02623084465942262,PI3K_Akt_hsa04151,0.0,0.0
gene_PKN3,PKN3,2,0.13333333333333333,0.1952252638730509,0.1952252638730509,0.026030035183073452,PI3K_Akt_hsa04151,0.0038865546218487257,0.008763929362863899
gene_CACNG7,CACNG7,1,0.06666666666666667,-0.37998621093691787,-0.37998621093691787,0.02533241406246119,MAPK_hsa04010,0.0,0.0
gene_PDGFRA,PDGFRA,1,0.06666666666666667,0.3738764762813111,0.3738764762813111,0.024925098418754073,PI3K_Akt_hsa04151,0.0,0.0
gene_PTK2,PTK2,2,0.13333333333333333,-0.1855644740568792,-0.1855644740568792,0.02474192987425056,PI3K_Akt_hsa04151,0.0,0.0
gene_TBL1X,TBL1X,2,0.13333333333333333,-0.18447584005881743,-0.18447584005881743,0.02459677867450899,WNT_hsa04310,0.0,0.0
gene_MDM4,MDM4,4,0.26666666666666666,0.0917960041464777,0.09628745933786399,0.024478934439060723,p53_hsa04115,0.0,0.0
gene_TNF,TNF,10,0.6666666666666666,0.036689585754233506,0.04489827360398581,0.024459723836155668,mTOR_hsa04150,0.0,0.0
gene_RAP1A,RAP1A,7,0.4666666666666667,0.05240182670487472,0.06266943555678224,0.024454185795608204,MAPK_hsa04010,-0.007037815126050428,0.005294992924843934
gene_C8orf44-SGK3,C8orf44-SGK3,2,0.13333333333333333,0.18315723273615714,0.18315723273615714,0.02442096436482095,PI3K_Akt_hsa04151,0.0,0.0
gene_TAOK3,TAOK3,10,0.6666666666666666,-0.03644269482241698,-0.08453451259063714,0.024295129881611317,MAPK_hsa04010,0.0,0.0
gene_CACNG8,CACNG8,1,0.06666666666666667,-0.3625184139224701,-0.3625184139224701,0.024167894261498006,MAPK_hsa04010,0.0,0.0
gene_FGF23,FGF23,1,0.06666666666666667,-0.3620915119065493,-0.3620915119065493,0.024139434127103288,PI3K_Akt_hsa04151,0.0,0.0
gene_CRKL,CRKL,1,0.06666666666666667,-0.35626244753812414,-0.35626244753812414,0.023750829835874943,MAPK_hsa04010,0.0,0.0
gene_CDKN1B,CDKN1B,6,0.4,0.059176624897667965,0.02362520043282711,0.02367064995906719,PI3K_Akt_hsa04151,-0.004201680672268926,0.006660028354683774
gene_WNT8B,WNT8B,2,0.13333333333333333,0.17395890212986162,0.17395890212986162,0.02319452028398155,WNT_hsa04310,0.0,0.0
gene_TCL1A,TCL1A,1,0.06666666666666667,-0.3478235084512438,-0.3478235084512438,0.023188233896749587,PI3K_Akt_hsa04151,0.0,0.0
gene_JAK3,JAK3,6,0.4,-0.05785227231755097,-0.06594525808432065,0.02314090892702039,PI3K_Akt_hsa04151,0.0,0.0
gene_SOCS5,SOCS5,3,0.2,-0.11385282073425261,-0.13556756571996748,0.022770564146850525,IGF1_signaling,-0.0010504201680672232,0.002895808561363482
gene_CDK2,CDK2,3,0.2,-0.11364684258078021,-0.15888898879051377,0.022729368516156045,PI3K_Akt_hsa04151,0.0,0.0
gene_ITGB4,ITGB4,6,0.4,-0.05662754288278044,-0.05219684171291238,0.022651017153112178,PI3K_Akt_hsa04151,0.0,0.0
gene_CACNG1,CACNG1,1,0.06666666666666667,-0.3324737550000504,-0.3324737550000504,0.022164917000003358,MAPK_hsa04010,0.0,0.0
gene_FGF1,FGF1,2,0.13333333333333333,-0.16514747682258452,-0.16514747682258452,0.022019663576344602,PI3K_Akt_hsa04151,0.0,0.0
gene_AKT1,AKT1,3,0.2,-0.10945708530316267,-0.1324990087804534,0.021891417060632537,PI3K_Akt_hsa04151,0.0,0.0
gene_GNG11,GNG11,1,0.06666666666666667,-0.3271511858493216,-0.3271511858493216,0.02181007905662144,PI3K_Akt_hsa04151,-0.003991596638655481,0.003868057277210519
gene_VEGFD,VEGFD,1,0.06666666666666667,0.32629563730477185,0.32629563730477185,0.02175304248698479,PI3K_Akt_hsa04151,-0.013025210084033645,0.0043360855967542866
gene_AREG,AREG,1,0.06666666666666667,-0.32610066892244616,-0.32610066892244616,0.021740044594829745,PI3K_Akt_hsa04151,0.0,0.0
gene_AKT3,AKT3,1,0.06666666666666667,-0.32512412684452724,-0.32512412684452724,0.02167494178963515,PI3K_Akt_hsa04151,0.0,0.0
gene_GDNF,GDNF,2,0.13333333333333333,-0.1622314632129332,-0.1622314632129332,0.021630861761724424,PI3K_Akt_hsa04151,0.0,0.0
gene_ZNF385A,ZNF385A,1,0.06666666666666667,-0.32263043245174633,-0.32263043245174633,0.021508695496783088,p53_hsa04115,0.0,0.0
gene_CSNK1E,CSNK1E,4,0.26666666666666666,-0.080122196069171,-0.03361382014526352,0.02136591895177893,WNT_hsa04310,0.0,0.0
gene_MMP7,MMP7,1,0.06666666666666667,0.3184012459020225,0.3184012459020225,0.0212267497268015,WNT_hsa04310,0.0,0.0
gene_IL3,IL3,1,0.06666666666666667,-0.31752821518964947,-0.31752821518964947,0.021168547679309965,PI3K_Akt_hsa04151,0.0,0.0
gene_RASGRP1,RASGRP1,1,0.06666666666666667,-0.3169308381260361,-0.3169308381260361,0.021128722541735742,MAPK_hsa04010,0.0,0.0
gene_CSH2,CSH2,7,0.4666666666666667,0.04488197806201102,0.044736422320300985,0.020944923095605143,PI3K_Akt_hsa04151,-0.0011554621848739676,0.005704274782514899
gene_PIK3CD,PIK3CD,2,0.13333333333333333,-0.15556712444031345,-0.15556712444031345,0.02074228325870846,PI3K_Akt_hsa04151,-0.02268907563025213,0.014714883199863435
gene_ITGA3,ITGA3,3,0.2,-0.1032569729671457,-0.15525201566511138,0.020651394593429143,PI3K_Akt_hsa04151,0.0,0.0
gene_FLT3,FLT3,1,0.06666666666666667,-0.3005353562192633,-0.3005353562192633,0.020035690414617554,PI3K_Akt_hsa04151,0.0,0.0
gene_DVL3,DVL3,2,0.13333333333333333,-0.148791472335441,-0.148791472335441,0.0198388629780588,WNT_hsa04310,0.02174369747899154,0.007155975348844987
gene_CACNA1C,CACNA1C,1,0.06666666666666667,-0.296277849410611,-0.296277849410611,0.019751856627374068,MAPK_hsa04010,0.0,0.0
gene_FGF19,FGF19,2,0.13333333333333333,0.1472128044273271,0.1472128044273271,0.01962837392364361,PI3K_Akt_hsa04151,0.0,0.0
gene_RFC5,RFC5,6,0.4,-0.04852441420048131,-0.07520412874214279,0.019409765680192523,MMR_hsa03430,0.013445378151260456,0.012871826623563308
gene_NFKB2,NFKB2,1,0.06666666666666667,-0.29035796193971103,-0.29035796193971103,0.019357197462647403,MAPK_hsa04010,0.0,0.0
gene_IFNAR1,IFNAR1,1,0.06666666666666667,-0.2868496979245069,-0.2868496979245069,0.019123313194967125,PI3K_Akt_hsa04151,0.0,0.0
gene_AIFM2,AIFM2,2,0.13333333333333333,-0.14336374916987593,-0.14336374916987593,0.019115166555983457,p53_hsa04115,0.0,0.0
gene_IKBKB,IKBKB,5,0.3333333333333333,0.05716703656942978,0.05691413140273945,0.01905567885647659,PI3K_Akt_hsa04151,0.0,0.0
gene_CCNG2,CCNG2,5,0.3333333333333333,0.057048572067640066,0.07647183344939688,0.019016190689213355,p53_hsa04115,0.0,0.0
gene_NGFR,NGFR,1,0.06666666666666667,0.2849018217891391,0.2849018217891391,0.018993454785942606,PI3K_Akt_hsa04151,0.0,0.0
gene_DEPTOR,DEPTOR,2,0.13333333333333333,0.14102088512451694,0.14102088512451694,0.018802784683268924,mTOR_hsa04150,-0.0047268907563025155,0.006762780925554536
gene_SKP1,SKP1,2,0.13333333333333333,0.13974075109821882,0.13974075109821882,0.018632100146429176,WNT_hsa04310,0.0,0.0
gene_RASGRP2,RASGRP2,2,0.13333333333333333,0.13832555617540493,0.13832555617540493,0.01844340749005399,MAPK_hsa04010,0.0,0.0
gene_FGF9,FGF9,2,0.13333333333333333,-0.13782523594074506,-0.13782523594074506,0.018376698125432675,PI3K_Akt_hsa04151,0.0,0.0
gene_CCN2,CCN2,1,0.06666666666666667,0.27513967966866354,0.27513967966866354,0.018342645311244236,IGF1_signaling,0.0,0.0
gene_IL1A,IL1A,1,0.06666666666666667,-0.2749068360986561,-0.2749068360986561,0.018327122406577075,MAPK_hsa04010,0.0,0.0
gene_MAP2K4,MAP2K4,1,0.06666666666666667,-0.2740679104533741,-0.2740679104533741,0.018271194030224938,MAPK_hsa04010,0.0,0.0
gene_WNT8A,WNT8A,1,0.06666666666666667,-0.27064762947008764,-0.27064762947008764,0.018043175298005844,WNT_hsa04310,0.0,0.0
gene_CCNG1,CCNG1,3,0.2,0.0899074935455909,0.1517152840425011,0.01798149870911818,p53_hsa04115,-0.01901260504201684,0.00916277123300122
gene_GORAB,GORAB,1,0.06666666666666667,0.26961964922030807,0.26961964922030807,0.01797464328135387,p53_hsa04115,-0.00136554621848739,0.0021034647473215035
gene_PRICKLE3,PRICKLE3,1,0.06666666666666667,-0.26864417133769414,-0.26864417133769414,0.017909611422512944,WNT_hsa04310,0.0,0.0
gene_FZD2,FZD2,1,0.06666666666666667,-0.26741307386460017,-0.26741307386460017,0.01782753825764001,WNT_hsa04310,0.0,0.0
gene_HSP90B1,HSP90B1,10,0.6666666666666666,-0.026473361052194607,-0.0005325039625113243,0.017648907368129737,PI3K_Akt_hsa04151,-0.0037815126050420146,0.0020583947418346096
gene_WNT9B,WNT9B,3,0.2,0.0876789627648243,0.09712280409273533,0.01753579255296486,WNT_hsa04310,0.0,0.0
gene_MAP3K20,MAP3K20,1,0.06666666666666667,0.2628330386916553,0.2628330386916553,0.017522202579443688,MAPK_hsa04010,0.0,0.0
gene_IGFBP3,IGFBP3,3,0.2,0.08755469859700692,0.12294453231432156,0.017510939719401385,p53_hsa04115,-0.0024159663865546133,0.001247304841075407
gene_NRTN,NRTN,6,0.4,-0.043447889598190056,-0.031430900736790224,0.017379155839276024,PI3K_Akt_hsa04151,0.0,0.0
gene_EFNA2,EFNA2,1,0.06666666666666667,-0.2571711039634963,-0.2571711039634963,0.017144740264233085,PI3K_Akt_hsa04151,0.0,0.0
gene_FGF3,FGF3,6,0.4,-0.042589612911258214,-0.055876237895809984,0.017035845164503287,PI3K_Akt_hsa04151,0.0,0.0
gene_MAPK12,MAPK12,1,0.06666666666666667,-0.2520433109095316,-0.2520433109095316,0.016802887393968773,MAPK_hsa04010,0.0005252100840336005,0.01175579269201645
gene_PPP2CA,PPP2CA,5,0.3333333333333333,0.04967025008021197,0.03930572383941379,0.016556750026737323,PI3K_Akt_hsa04151,0.0,0.0
gene_CSNK2B,CSNK2B,1,0.06666666666666667,0.2466803072946926,0.2466803072946926,0.016445353819646173,WNT_hsa04310,0.0,0.0
gene_PIK3R1,PIK3R1,2,0.13333333333333333,0.12303020530567754,0.12303020530567754,0.01640402737409034,PI3K_Akt_hsa04151,-0.0017857142857143128,0.0057734899511181804
gene_RELN,RELN,3,0.2,0.08015916830099602,0.1305770794180964,0.016031833660199207,PI3K_Akt_hsa04151,0.0,0.0
gene_NTF3,NTF3,4,0.26666666666666666,0.05987680972636396,0.07394456905210262,0.015967149260363724,PI3K_Akt_hsa04151,0.0,0.0
gene_PIK3R5,PIK3R5,3,0.2,0.0790753404213201,0.12439885569836506,0.01581506808426402,PI3K_Akt_hsa04151,0.0,0.0
gene_PRKCB,PRKCB,1,0.06666666666666667,0.23532530305907481,0.23532530305907481,0.015688353537271653,WNT_hsa04310,0.0,0.0
gene_PIK3CB,PIK3CB,3,0.2,-0.0781805826309118,-0.11040061799414021,0.01563611652618236,PI3K_Akt_hsa04151,0.0,0.0
gene_ATP6V1D,ATP6V1D,2,0.13333333333333333,-0.11681373311060968,-0.11681373311060968,0.015575164414747957,mTOR_hsa04150,0.0,0.0
gene_MAP2K5,MAP2K5,1,0.06666666666666667,0.23146216166367886,0.23146216166367886,0.01543081077757859,MAPK_hsa04010,0.00724789915966384,0.00624006165557945
gene_RASA2,RASA2,4,0.26666666666666666,0.05737425118454634,-0.003035122315160635,0.015299800315879023,MAPK_hsa04010,0.0015756302521008126,0.019117935633614806
gene_RSPO1,RSPO1,1,0.06666666666666667,0.2294567064804134,0.2294567064804134,0.015297113765360894,WNT_hsa04310,0.0,0.0
gene_SFRP5,SFRP5,2,0.13333333333333333,-0.11463073015693062,-0.11463073015693062,0.015284097354257417,WNT_hsa04310,0.009453781512604998,0.00617875679405578
gene_BCL2L11,BCL2L11,1,0.06666666666666667,0.22923037667467272,0.22923037667467272,0.015282025111644847,PI3K_Akt_hsa04151,0.0,0.0
gene_RAP1B,RAP1B,1,0.06666666666666667,-0.22883969447017327,-0.22883969447017327,0.015255979631344884,MAPK_hsa04010,0.0,0.0
gene_ULK2,ULK2,2,0.13333333333333333,-0.11407882509205483,-0.11407882509205483,0.015210510012273977,mTOR_hsa04150,0.0,0.0
gene_DUSP4,DUSP4,4,0.26666666666666666,0.057033880333026976,0.09664492203647528,0.01520903475547386,MAPK_hsa04010,0.011659663865546177,0.006024139058377991
gene_COP1,COP1,3,0.2,-0.07578697550123666,-0.0854545982705303,0.015157395100247332,p53_hsa04115,0.0,0.0
gene_MAP3K12,MAP3K12,1,0.06666666666666667,-0.2261061103199604,-0.2261061103199604,0.01507374068799736,MAPK_hsa04010,0.0010504201680671898,0.009695782150600265
gene_PIDD1,PIDD1,5,0.3333333333333333,-0.04508118580317209,-0.06388961018628321,0.015027061934390695,p53_hsa04115,0.005777310924369727,0.008030735261994678
gene_ITGA9,ITGA9,3,0.2,-0.07491653280285404,-0.0927703395042948,0.014983306560570809,PI3K_Akt_hsa04151,0.0,0.0
gene_HSP90AB1,HSP90AB1,5,0.3333333333333333,0.04428884404403765,0.0222374926207497,0.014762948014679216,PI3K_Akt_hsa04151,0.00409663865546217,0.0022748327550113066
gene_PRKCI,PRKCI,5,0.3333333333333333,0.04420945807740262,0.049559733333352236,0.014736486025800872,IGF1_signaling,-0.003991596638655459,0.002849718480304717
gene_FZD1,FZD1,2,0.13333333333333333,0.1099527830666287,0.1099527830666287,0.014660371075550493,WNT_hsa04310,0.0,0.0
gene_CACNG2,CACNG2,2,0.13333333333333333,0.10833331134589509,0.10833331134589509,0.014444441512786012,MAPK_hsa04010,0.0,0.0
gene_PRKAR1B,PRKAR1B,1,0.06666666666666667,0.21119330419887933,0.21119330419887933,0.01407955361325862,IGF1_signaling,0.0,0.0
gene_HGF,HGF,8,0.5333333333333333,0.026183988389975578,0.030280648950948588,0.013964793807986974,PI3K_Akt_hsa04151,0.0,0.0
gene_PCK2,PCK2,1,0.06666666666666667,-0.20813117325265287,-0.20813117325265287,0.013875411550176858,PI3K_Akt_hsa04151,0.0,0.0
gene_PRKAR1A,PRKAR1A,2,0.13333333333333333,-0.10358850251211271,-0.10358850251211271,0.013811800334948362,IGF1_signaling,0.0,0.0
gene_CASTOR1,CASTOR1,1,0.06666666666666667,-0.20698095159678825,-0.20698095159678825,0.01379873010645255,mTOR_hsa04150,0.004621848739495782,0.0029034191094716817
gene_MSH3,MSH3,2,0.13333333333333333,-0.10195046350379974,-0.10195046350379974,0.013593395133839966,MMR_hsa03430,-0.0022058823529411686,0.001193047971806776
gene_COL6A3,COL6A3,1,0.06666666666666667,0.20364084575156438,0.20364084575156438,0.013576056383437625,PI3K_Akt_hsa04151,0.0,0.0
gene_ANGPT4,ANGPT4,10,0.6666666666666666,0.02026001292775559,0.08675966415424613,0.013506675285170392,PI3K_Akt_hsa04151,0.0,0.0
gene_TTI1,TTI1,2,0.13333333333333333,0.10052490952028062,0.10052490952028062,0.013403321269370749,mTOR_hsa04150,0.0,0.0
gene_RAP2B,RAP2B,9,0.6,-0.022108724639870285,-0.05498452457273109,0.013265234783922171,IGF1_signaling,0.0,0.0
gene_MYB,MYB,1,0.06666666666666667,-0.19700925409964795,-0.19700925409964795,0.013133950273309863,PI3K_Akt_hsa04151,0.0,0.0
gene_IGFBP2,IGFBP2,6,0.4,-0.03273930330749411,-0.06149652092027653,0.013095721322997645,IGF1_signaling,0.0,0.0
gene_ITGB3,ITGB3,2,0.13333333333333333,-0.09770918722630083,-0.09770918722630083,0.013027891630173443,PI3K_Akt_hsa04151,0.0,0.0
gene_ATP6V1H,ATP6V1H,2,0.13333333333333333,-0.09743586501398856,-0.09743586501398856,0.012991448668531807,mTOR_hsa04150,-0.00031512605042016695,0.0008204043777212843
gene_CAMK2B,CAMK2B,1,0.06666666666666667,0.19161090713528298,0.19161090713528298,0.012774060475685531,WNT_hsa04310,0.0,0.0
gene_COL1A2,COL1A2,2,0.13333333333333333,-0.09471419747228378,-0.09471419747228378,0.01262855966297117,PI3K_Akt_hsa04151,0.0,0.0
gene_PLA2G4F,PLA2G4F,1,0.06666666666666667,-0.18764765007453588,-0.18764765007453588,0.012509843338302391,MAPK_hsa04010,0.0,0.0
gene_FLCN,FLCN,2,0.13333333333333333,-0.0903585757349615,-0.0903585757349615,0.012047810097994867,mTOR_hsa04150,0.0,0.0
gene_CSNK1A1L,CSNK1A1L,1,0.06666666666666667,0.1806837393689241,0.1806837393689241,0.012045582624594939,WNT_hsa04310,0.0,0.0
gene_PPP2R2A,PPP2R2A,2,0.13333333333333333,0.089426484392472,0.089426484392472,0.0119235312523296,PI3K_Akt_hsa04151,0.0,0.0
gene_FZD5,FZD5,1,0.06666666666666667,-0.1780761688449452,-0.1780761688449452,0.011871744589663013,WNT_hsa04310,0.0,0.0
gene_TNFRSF10B,TNFRSF10B,1,0.06666666666666667,0.17726946135200983,0.17726946135200983,0.011817964090133989,p53_hsa04115,0.0,0.0
gene_TAOK2,TAOK2,4,0.26666666666666666,-0.04419312250525505,-0.05036362093607042,0.011784832668068013,MAPK_hsa04010,-0.005882352941176483,0.007678851631301295
gene_IFNB1,IFNB1,3,0.2,-0.05878827301553199,-0.10602906085198822,0.011757654603106397,PI3K_Akt_hsa04151,0.0,0.0
gene_DUSP1,DUSP1,1,0.06666666666666667,-0.17311197336094833,-0.17311197336094833,0.011540798224063223,MAPK_hsa04010,0.0,0.0
gene_G6PC3,G6PC3,7,0.4666666666666667,-0.024595242216788184,0.023585998387467187,0.01147777970116782,PI3K_Akt_hsa04151,0.0,0.0
gene_SPP1,SPP1,1,0.06666666666666667,-0.16992138389427733,-0.16992138389427733,0.011328092259618488,PI3K_Akt_hsa04151,0.0,0.0
gene_PPP2R1B,PPP2R1B,1,0.06666666666666667,-0.16524169635688932,-0.16524169635688932,0.011016113090459287,PI3K_Akt_hsa04151,0.0,0.0
gene_TCL1B,TCL1B,1,0.06666666666666667,-0.16440262227819383,-0.16440262227819383,0.010960174818546255,PI3K_Akt_hsa04151,0.0,0.0
gene_COL1A1,COL1A1,1,0.06666666666666667,-0.16228506350378646,-0.16228506350378646,0.010819004233585764,PI3K_Akt_hsa04151,0.0,0.0
gene_GNG10,GNG10,1,0.06666666666666667,0.15878482264222876,0.15878482264222876,0.010585654842815252,PI3K_Akt_hsa04151,0.0,0.0
gene_SFRP1,SFRP1,1,0.06666666666666667,0.15642228906734693,0.15642228906734693,0.010428152604489795,WNT_hsa04310,0.0,0.0
gene_COL4A6,COL4A6,2,0.13333333333333333,0.07797156170006675,0.07797156170006675,0.010396208226675566,PI3K_Akt_hsa04151,0.0,0.0
gene_TLR4,TLR4,4,0.26666666666666666,0.03892948651085551,0.04844084800278738,0.010381196402894803,PI3K_Akt_hsa04151,0.0,0.0
gene_SGK1,SGK1,1,0.06666666666666667,-0.15161087002988008,-0.15161087002988008,0.010107391335325339,PI3K_Akt_hsa04151,0.047689075630252056,0.0262277106164548
gene_EXO1,EXO1,2,0.13333333333333333,-0.07529819038109824,-0.07529819038109824,0.010039758717479764,MMR_hsa03430,0.0,0.0
gene_APC2,APC2,1,0.06666666666666667,-0.15016083577000258,-0.15016083577000258,0.010010722384666838,WNT_hsa04310,0.0,0.0
gene_YWHAQ,YWHAQ,4,0.26666666666666666,-0.03717678960575378,-0.033473314789516026,0.009913810561534342,PI3K_Akt_hsa04151,0.0,0.0
gene_SOS2,SOS2,1,0.06666666666666667,-0.14459805871170175,-0.14459805871170175,0.009639870580780117,PI3K_Akt_hsa04151,0.0,0.0
gene_PIK3C3,PIK3C3,1,0.06666666666666667,-0.1384955083758735,-0.1384955083758735,0.009233033891724899,IGF1_signaling,-0.03151260504201685,0.01683296270925221
gene_IGFBP5,IGFBP5,7,0.4666666666666667,-0.01943533939978231,-0.01270260107593729,0.009069825053231746,IGF1_signaling,0.006197478991596617,0.008101865629526743
gene_PSPN,PSPN,6,0.4,0.02126696497219614,-0.00668499753948983,0.008506785988878456,PI3K_Akt_hsa04151,0.0,0.0
gene_BRCA1,BRCA1,1,0.06666666666666667,0.12678261676441588,0.12678261676441588,0.008452174450961058,PI3K_Akt_hsa04151,0.0,0.0
gene_DUSP8,DUSP8,1,0.06666666666666667,-0.12650725421775896,-0.12650725421775896,0.008433816947850597,MAPK_hsa04010,0.0,0.00046976218014701295
gene_APC,APC,2,0.13333333333333333,0.0624960238813107,0.0624960238813107,0.00833280318417476,WNT_hsa04310,0.0,0.0
gene_EPO,EPO,1,0.06666666666666667,0.12223041256557354,0.12223041256557354,0.008148694171038235,PI3K_Akt_hsa04151,0.0,0.0
gene_COL4A4,COL4A4,6,0.4,-0.01991708677058844,-0.023207673986171712,0.007966834708235377,PI3K_Akt_hsa04151,0.0,0.0
gene_RRM2B,RRM2B,1,0.06666666666666667,0.11869218978575632,0.11869218978575632,0.007912812652383755,p53_hsa04115,0.0,0.0
gene_CSF3R,CSF3R,2,0.13333333333333333,0.05929978264137928,0.05929978264137928,0.007906637685517238,PI3K_Akt_hsa04151,0.0,0.0
gene_CREB3L2,CREB3L2,1,0.06666666666666667,0.11848245245753103,0.11848245245753103,0.007898830163835403,PI3K_Akt_hsa04151,0.0,0.0
gene_TBC1D7,TBC1D7,1,0.06666666666666667,0.11803641220569695,0.11803641220569695,0.007869094147046464,mTOR_hsa04150,0.0,0.0
gene_PRICKLE1,PRICKLE1,1,0.06666666666666667,-0.11546743573385095,-0.11546743573385095,0.007697829048923396,WNT_hsa04310,-0.01134453781512611,0.010606643328877632
gene_MAP3K3,MAP3K3,1,0.06666666666666667,0.11452802371779192,0.11452802371779192,0.007635201581186127,MAPK_hsa04010,-0.0028361344537815246,0.008987693529677395
gene_PPP2R1A,PPP2R1A,1,0.06666666666666667,-0.11395417138707896,-0.11395417138707896,0.007596944759138597,PI3K_Akt_hsa04151,0.0,0.0
gene_PXN,PXN,1,0.06666666666666667,-0.11166304527978099,-0.11166304527978099,0.007444203018652066,IGF1_signaling,0.0,0.0
gene_MAPT,MAPT,4,0.26666666666666666,-0.02780005629399003,0.02008404743381798,0.007413348345064008,MAPK_hsa04010,0.0,0.0
gene_JMJD7-PLA2G4B,JMJD7-PLA2G4B,4,0.26666666666666666,-0.027368425871033185,-0.009208927974576578,0.007298246898942182,MAPK_hsa04010,0.0,0.0
gene_DUSP5,DUSP5,2,0.13333333333333333,-0.0542050412514831,-0.0542050412514831,0.00722733883353108,MAPK_hsa04010,0.0,0.0
gene_ROR2,ROR2,1,0.06666666666666667,-0.10755756357932082,-0.10755756357932082,0.007170504238621388,WNT_hsa04310,0.0,0.0
gene_STAT3,STAT3,1,0.06666666666666667,0.10736545122768767,0.10736545122768767,0.007157696748512511,IGF1_signaling,0.0,0.0
gene_MYD88,MYD88,3,0.2,-0.03553898998967734,-0.049912051091870246,0.0071077979979354685,MAPK_hsa04010,0.0,0.0
gene_YWHAZ,YWHAZ,6,0.4,-0.017600725360673093,-0.019179637981818824,0.0070402901442692374,PI3K_Akt_hsa04151,0.0,0.0
gene_RRAGD,RRAGD,1,0.06666666666666667,-0.10407077212216553,-0.10407077212216553,0.006938051474811036,mTOR_hsa04150,0.0247899159663865,0.008841019080882698
gene_PPARD,PPARD,1,0.06666666666666667,-0.10369109091840173,-0.10369109091840173,0.006912739394560115,WNT_hsa04310,0.0,0.0
gene_PCNA,PCNA,2,0.13333333333333333,-0.051759089730567295,-0.051759089730567295,0.00690121196407564,MMR_hsa03430,0.0,0.0
gene_RELB,RELB,3,0.2,-0.03249469383674772,0.03298549065923827,0.006498938767349544,MAPK_hsa04010,0.0,0.0
gene_FRAT1,FRAT1,7,0.4666666666666667,0.01379770270266475,0.0020689446427526524,0.006438927927910216,WNT_hsa04310,0.0032563025210083697,0.0053653751214798855
gene_PPP3R2,PPP3R2,1,0.06666666666666667,-0.09608845619570018,-0.09608845619570018,0.006405897079713345,WNT_hsa04310,0.013025210084033567,0.008432198420331683
gene_SMAD4,SMAD4,2,0.13333333333333333,0.047333149007790384,0.047333149007790384,0.006311086534372051,WNT_hsa04310,0.005147058823529382,0.005913221825646033
gene_DDIT4,DDIT4,1,0.06666666666666667,-0.0936146288301561,-0.0936146288301561,0.00624097525534374,PI3K_Akt_hsa04151,0.0,0.0
gene_MAP3K5,MAP3K5,1,0.06666666666666667,-0.09300487035940216,-0.09300487035940216,0.006200324690626811,MAPK_hsa04010,0.0,0.0
gene_PPP2R5A,PPP2R5A,1,0.06666666666666667,0.09292901500363525,0.09292901500363525,0.006195267666909017,PI3K_Akt_hsa04151,-0.0017857142857143015,0.005168451512664929
gene_MKNK2,MKNK2,1,0.06666666666666667,0.09201241813433231,0.09201241813433231,0.006134161208955487,MAPK_hsa04010,0.0,0.00404104707177968
gene_CCN4,CCN4,2,0.13333333333333333,0.0444247518724211,0.0444247518724211,0.005923300249656147,WNT_hsa04310,0.0,0.0
gene_IRS1,IRS1,3,0.2,0.029194635010108126,0.018183193379424697,0.005838927002021626,PI3K_Akt_hsa04151,0.0,0.0
gene_BTRC,BTRC,3,0.2,-0.028851280105132146,-0.06889852868158795,0.005770256021026429,WNT_hsa04310,0.0,0.0
gene_PDGFC,PDGFC,1,0.06666666666666667,-0.08538121960886431,-0.08538121960886431,0.005692081307257621,PI3K_Akt_hsa04151,0.0,0.0
gene_FNIP1,FNIP1,4,0.26666666666666666,0.02132592936230813,0.0021400753355764815,0.005686914496615501,mTOR_hsa04150,0.0,0.0
gene_ARRB1,ARRB1,3,0.2,0.02756746338882227,0.12774259852359732,0.005513492677764454,MAPK_hsa04010,-0.003046218487394947,0.0023698559186299236
gene_NKD1,NKD1,3,0.2,-0.02648719262812148,-0.023026040282757076,0.0052974385256242965,WNT_hsa04310,-0.022058823529411797,0.014022224030222928
gene_COL6A2,COL6A2,1,0.06666666666666667,-0.07924942863653481,-0.07924942863653481,0.0052832952424356535,PI3K_Akt_hsa04151,0.0,0.0
gene_FGF2,FGF2,1,0.06666666666666667,0.07888938594483674,0.07888938594483674,0.005259292396322449,PI3K_Akt_hsa04151,0.0,0.0
gene_LPIN3,LPIN3,3,0.2,-0.026083429770784556,-0.07207621151889942,0.005216685954156912,mTOR_hsa04150,0.0,0.0
gene_IFNA2,IFNA2,1,0.06666666666666667,0.0779921295990388,0.0779921295990388,0.0051994753066025865,PI3K_Akt_hsa04151,0.0,0.0
gene_BCL2,BCL2,4,0.26666666666666666,0.019275581757661735,0.023067234203749155,0.005140155135376463,PI3K_Akt_hsa04151,0.0,0.0014855184478708928
gene_TAB2,TAB2,4,0.26666666666666666,0.018839906642602145,0.04238180338925442,0.005023975104693905,MAPK_hsa04010,0.0,0.0
gene_PDGFA,PDGFA,1,0.06666666666666667,-0.07438338444310383,-0.07438338444310383,0.004958892296206922,PI3K_Akt_hsa04151,0.0,0.0
gene_MTCP1,MTCP1,3,0.2,-0.024708484550774245,-0.025257946536231857,0.00494169691015485,PI3K_Akt_hsa04151,0.0,0.0
gene_BRAF,BRAF,4,0.26666666666666666,-0.01820792541510775,-0.06461430733192294,0.0048554467773620665,mTOR_hsa04150,0.0,0.0
gene_ROCK2,ROCK2,5,0.3333333333333333,-0.013766955135930058,-0.002702036311613404,0.004588985045310019,WNT_hsa04310,0.0,0.0
gene_TCF7L1,TCF7L1,1,0.06666666666666667,-0.06849188455519943,-0.06849188455519943,0.004566125637013295,WNT_hsa04310,-0.0018907563025210017,0.0015437960563759472
gene_RPS6KA3,RPS6KA3,3,0.2,0.022796770811137974,-0.01615724315377608,0.004559354162227595,mTOR_hsa04150,0.0,0.0
gene_SGK2,SGK2,1,0.06666666666666667,-0.06648954235472485,-0.06648954235472485,0.004432636156981656,PI3K_Akt_hsa04151,0.0,0.0
gene_TCF7,TCF7,7,0.4666666666666667,-0.009450502704102944,-0.06194427285877778,0.004410234595248041,WNT_hsa04310,0.0,0.0
gene_ITGB6,ITGB6,1,0.06666666666666667,-0.06467505601236982,-0.06467505601236982,0.004311670400824655,PI3K_Akt_hsa04151,0.0,0.0
gene_BAX,BAX,1,0.06666666666666667,-0.06393207066007982,-0.06393207066007982,0.0042621380440053215,p53_hsa04115,0.0,0.0
gene_MEF2C,MEF2C,1,0.06666666666666667,-0.06366171445145637,-0.06366171445145637,0.004244114296763758,MAPK_hsa04010,0.0,0.0
gene_CACNA1F,CACNA1F,2,0.13333333333333333,0.03112585766386322,0.03112585766386322,0.004150114355181762,MAPK_hsa04010,-0.027731092436974837,0.014901164391853232
gene_CREB5,CREB5,1,0.06666666666666667,0.06171453783782602,0.06171453783782602,0.0041143025225217345,PI3K_Akt_hsa04151,0.0,0.0
gene_PIK3R3,PIK3R3,8,0.5333333333333333,-0.007645489284173876,-0.01822747597802269,0.004077594284892734,PI3K_Akt_hsa04151,0.0,0.0
gene_FN1,FN1,11,0.7333333333333333,0.005467319520537129,0.0033059403317707934,0.004009367648393894,PI3K_Akt_hsa04151,0.0,0.0
gene_CDC42,CDC42,1,0.06666666666666667,0.05840685371008286,0.05840685371008286,0.0038937902473388576,MAPK_hsa04010,0.010819327731092399,0.006510063206868115
gene_IFNA16,IFNA16,1,0.06666666666666667,0.057672942601660726,0.057672942601660726,0.003844862840110715,PI3K_Akt_hsa04151,0.00010504201680671122,0.005950423965659046
gene_RCHY1,RCHY1,1,0.06666666666666667,0.0571443476479178,0.0571443476479178,0.0038096231765278534,p53_hsa04115,0.0,0.0
gene_MAP3K2,MAP3K2,1,0.06666666666666667,-0.055559048487657574,-0.055559048487657574,0.003703936565843838,MAPK_hsa04010,-0.030672268907563083,0.01553627890292802
gene_TAOK1,TAOK1,1,0.06666666666666667,-0.05356061978805423,-0.05356061978805423,0.003570707985870282,MAPK_hsa04010,0.0,0.0
gene_PPP2R3B.2,PPP2R3B.2,1,0.06666666666666667,-0.05164823235332083,-0.05164823235332083,0.003443215490221389,Unknown,0.0,0.0
gene_PPP2R3B,PPP2R3B,1,0.06666666666666667,-0.05164823235332083,-0.05164823235332083,0.003443215490221389,PI3K_Akt_hsa04151,-0.00021008403361344463,0.0013935398278804153
gene_JUN,JUN,1,0.06666666666666667,0.05103875791728862,0.05103875791728862,0.0034025838611525744,WNT_hsa04310,0.0,0.0
gene_AXIN1,AXIN1,1,0.06666666666666667,-0.04926027561128293,-0.04926027561128293,0.0032840183740855287,WNT_hsa04310,0.0,0.0
gene_IFNAR2,IFNAR2,1,0.06666666666666667,0.04780394639875749,0.04780394639875749,0.003186929759917166,PI3K_Akt_hsa04151,0.0,0.0
gene_LZTS2,LZTS2,1,0.06666666666666667,-0.0477194148736572,-0.0477194148736572,0.00318129432491048,WNT_hsa04310,0.0,0.0
gene_WNT2,WNT2,2,0.13333333333333333,0.023821006864448796,0.023821006864448796,0.0031761342485931727,WNT_hsa04310,0.0,0.0
gene_BBC3,BBC3,1,0.06666666666666667,0.04707144856366671,0.04707144856366671,0.003138096570911114,p53_hsa04115,0.0,0.0
gene_TP53I3,TP53I3,4,0.26666666666666666,-0.011610502351634643,0.003551065753644375,0.003096133960435905,p53_hsa04115,0.0,0.0
gene_NOTUM,NOTUM,1,0.06666666666666667,0.046414429847129755,0.046414429847129755,0.0030942953231419836,WNT_hsa04310,0.0,0.0
gene_SRF,SRF,1,0.06666666666666667,-0.04576647180625706,-0.04576647180625706,0.003051098120417137,MAPK_hsa04010,-0.007983193277310929,0.005380776670111643
gene_THBS3,THBS3,5,0.3333333333333333,0.008266728366388719,0.01708389472319887,0.002755576122129573,PI3K_Akt_hsa04151,0.0,0.0
gene_AKT1S1,AKT1S1,1,0.06666666666666667,-0.03942129531673621,-0.03942129531673621,0.0026280863544490807,mTOR_hsa04150,0.0,0.0
gene_TLE7,TLE7,1,0.06666666666666667,-0.037297424069190135,-0.037297424069190135,0.002486494937946009,WNT_hsa04310,0.0,0.0
gene_LAMC2,LAMC2,1,0.06666666666666667,-0.037051621807658315,-0.037051621807658315,0.002470108120510554,PI3K_Akt_hsa04151,-0.0017857142857142794,0.0011554621848739455
gene_ATF4,ATF4,1,0.06666666666666667,-0.0343752487354422,-0.0343752487354422,0.00229168324902948,PI3K_Akt_hsa04151,0.0,0.0
gene_IL6,IL6,4,0.26666666666666666,-0.008078592052868592,0.0624871354281928,0.002154291214098291,PI3K_Akt_hsa04151,-0.006197478991596672,0.011701228058775236
gene_PRKAG1,PRKAG1,1,0.06666666666666667,0.03220899505029666,0.03220899505029666,0.002147266336686444,IGF1_signaling,-0.013970588235294146,0.011516840446453923
gene_LEF1,LEF1,6,0.4,0.005150321265610758,0.02923839347481536,0.002060128506244303,WNT_hsa04310,0.0,0.0
gene_FBXW11,FBXW11,1,0.06666666666666667,0.030824774538667457,0.030824774538667457,0.0020549849692444973,WNT_hsa04310,-0.0011554621848739676,0.004107398066390146
gene_JUND,JUND,1,0.06666666666666667,0.02962586270829024,0.02962586270829024,0.001975057513886016,MAPK_hsa04010,0.0,0.0
gene_PPP1R13L,PPP1R13L,3,0.2,-0.009756006897181837,0.0015221291093426119,0.0019512013794363674,p53_hsa04115,0.0,0.0
gene_COL4A5,COL4A5,1,0.06666666666666667,0.02926594354897749,0.02926594354897749,0.001951062903265166,PI3K_Akt_hsa04151,0.0,0.0
gene_MECOM,MECOM,1,0.06666666666666667,-0.0287211357756424,-0.0287211357756424,0.0019147423850428265,MAPK_hsa04010,0.0,0.0
gene_SFRP2,SFRP2,1,0.06666666666666667,-0.027357329811674148,-0.027357329811674148,0.001823821987444943,WNT_hsa04310,-0.013340336134453812,0.010886428132849742
gene_IGF2,IGF2,2,0.13333333333333333,-0.013086751815980128,-0.013086751815980128,0.0017449002421306837,PI3K_Akt_hsa04151,0.0,0.0
gene_WNT7B,WNT7B,1,0.06666666666666667,-0.025763930502171198,-0.025763930502171198,0.0017175953668114132,WNT_hsa04310,0.012605042016806678,0.011410483709243914
gene_GADD45B,GADD45B,1,0.06666666666666667,0.02321674972747345,0.02321674972747345,0.0015477833151648968,p53_hsa04115,-0.00357142857142857,0.0030152731290771836
gene_LPAR6,LPAR6,1,0.06666666666666667,0.022079470241972248,0.022079470241972248,0.00147196468279815,PI3K_Akt_hsa04151,0.0,0.0
gene_MRAS,MRAS,3,0.2,0.007270105625386044,0.11250177289932577,0.0014540211250772088,MAPK_hsa04010,0.0,0.0
gene_ARAF,ARAF,1,0.06666666666666667,0.02176979802271105,0.02176979802271105,0.0014513198681807367,MAPK_hsa04010,-0.010399159663865575,0.014474850898140882
gene_LPAR2,LPAR2,1,0.06666666666666667,0.020738662354602377,0.020738662354602377,0.0013825774903068252,PI3K_Akt_hsa04151,-0.013760504201680712,0.00945903215533843
gene_COL2A1,COL2A1,1,0.06666666666666667,-0.014964940043708791,-0.014964940043708791,0.0009976626695805861,PI3K_Akt_hsa04151,0.0,0.0
gene_MAP4K2,MAP4K2,1,0.06666666666666667,-0.014898848982769143,-0.014898848982769143,0.0009932565988512762,MAPK_hsa04010,0.0,0.0
gene_RNF152,RNF152,1,0.06666666666666667,0.01345513264424753,0.01345513264424753,0.0008970088429498353,mTOR_hsa04150,0.004201680672268881,0.010514700635497637
gene_NTRK2,NTRK2,1,0.06666666666666667,-0.010315659926532847,-0.010315659926532847,0.0006877106617688564,PI3K_Akt_hsa04151,0.0,0.0
gene_PRKACB,PRKACB,1,0.06666666666666667,0.010311552498304186,0.010311552498304186,0.000687436833220279,WNT_hsa04310,0.0,0.0
gene_POLD3,POLD3,1,0.06666666666666667,-0.007242813615649662,-0.007242813615649662,0.0004828542410433108,MMR_hsa03430,0.0,0.0
gene_TSC2,TSC2,2,0.13333333333333333,0.0031816224361944073,0.0031816224361944073,0.000424216324825921,PI3K_Akt_hsa04151,-0.007037815126050451,0.00804171934681649
gene_TBL1XR1,TBL1XR1,6,0.4,0.0009019877104346403,0.031913792621957975,0.00036079508417385616,WNT_hsa04310,0.0,0.0
gene_WNT16,WNT16,1,0.06666666666666667,-0.003444882384666252,-0.003444882384666252,0.0002296588256444168,WNT_hsa04310,0.014180672268907523,0.008261005353374686
gene_CACNB4,CACNB4,2,0.13333333333333333,-0.0011952652799867292,-0.0011952652799867292,0.00015936870399823054,MAPK_hsa04010,-0.01670168067226896,0.0055672268907562975
gene_NGF,NGF,3,0.2,0.0005107601843645281,-0.020509612436483193,0.00010215203687290561,PI3K_Akt_hsa04151,0.0,0.0
gene_RSPO4,RSPO4,6,0.4,1.1047356175138134e-05,0.04715397588564879,4.418942470055254e-06,WNT_hsa04310,0.0,0.0
gene_PHLPP2,PHLPP2,1,0.06666666666666667,-5.98405189416187e-05,-5.98405189416187e-05,3.989367929441246e-06,PI3K_Akt_hsa04151,0.007563025210084007,0.00406283184996085
gene_SOCS4,SOCS4,0,0.0,0.0,0.0,0.0,IGF1_signaling,0.0,0.0
gene_PRKAG2,PRKAG2,0,0.0,0.0,0.0,0.0,IGF1_signaling,0.0048319327731092265,0.006512605042016784
gene_CACNB1,CACNB1,0,0.0,0.0,0.0,0.0,MAPK_hsa04010,0.0,0.0
gene_LAMB2,LAMB2,0,0.0,0.0,0.0,0.0,PI3K_Akt_hsa04151,0.0,0.0
gene_RELA,RELA,0,0.0,0.0,0.0,0.0,PI3K_Akt_hsa04151,0.0,0.0
gene_GNB2,GNB2,0,0.0,0.0,0.0,0.0,PI3K_Akt_hsa04151,0.0,0.0
gene_PRL,PRL,0,0.0,0.0,0.0,0.0,PI3K_Akt_hsa04151,0.0,0.0
gene_ZMAT3,ZMAT3,0,0.0,0.0,0.0,0.0,p53_hsa04115,-0.005882352941176483,0.0041806194836412625
gene_MAX,MAX,0,0.0,0.0,0.0,0.0,MAPK_hsa04010,-0.00010504201680672232,0.000872544523415761
gene_WDR59,WDR59,0,0.0,0.0,0.0,0.0,mTOR_hsa04150,0.0,0.0
gene_TNFRSF1A,TNFRSF1A,0,0.0,0.0,0.0,0.0,mTOR_hsa04150,0.0,0.0
gene_FRAT2,FRAT2,0,0.0,0.0,0.0,0.0,WNT_hsa04310,0.0,0.0
gene_VANGL1,VANGL1,0,0.0,0.0,0.0,0.0,WNT_hsa04310,0.0,0.0
gene_TLE4,TLE4,0,0.0,0.0,0.0,0.0,WNT_hsa04310,0.0,0.0
gene_MAP3K1,MAP3K1,0,0.0,0.0,0.0,0.0,MAPK_hsa04010,0.0,0.0
gene_POLD1,POLD1,0,0.0,0.0,0.0,0.0,MMR_hsa03430,0.0,0.0
gene_MAP3K11,MAP3K11,0,0.0,0.0,0.0,0.0,MAPK_hsa04010,0.016491596638655393,0.009157953159192045
gene_PTPN11,PTPN11,0,0.0,0.0,0.0,0.0,IGF1_signaling,0.0,0.0
gene_SIRT1,SIRT1,0,0.0,0.0,0.0,0.0,WNT_hsa04310,0.015546218487394903,0.006590078630822717
gene_ULK1,ULK1,0,0.0,0.0,0.0,0.0,mTOR_hsa04150,0.0,0.0
gene_COMP,COMP,0,0.0,0.0,0.0,0.0,PI3K_Akt_hsa04151,0.0,0.0
gene_EIF4B,EIF4B,0,0.0,0.0,0.0,0.0,PI3K_Akt_hsa04151,-0.0010504201680672232,0.001757689131374102
gene_PIK3CG,PIK3CG,0,0.0,0.0,0.0,0.0,PI3K_Akt_hsa04151,0.005357142857142838,0.004684685529617159
gene_EIF4E1B,EIF4E1B,0,0.0,0.0,0.0,0.0,PI3K_Akt_hsa04151,0.0,0.0
gene_RPS6KB2,RPS6KB2,0,0.0,0.0,0.0,0.0,PI3K_Akt_hsa04151,0.0,0.0
gene_TEK,TEK,0,0.0,0.0,0.0,0.0,PI3K_Akt_hsa04151,0.0,0.0
gene_PRKCG,PRKCG,0,0.0,0.0,0.0,0.0,WNT_hsa04310,0.0,0.0
gene_PPP2R2D,PPP2R2D,0,0.0,0.0,0.0,0.0,PI3K_Akt_hsa04151,-0.0019957983193277353,0.0037712863594571776
gene_ADGRB1,ADGRB1,0,0.0,0.0,0.0,0.0,p53_hsa04115,0.0,0.0
gene_CCNE2,CCNE2,0,0.0,0.0,0.0,0.0,PI3K_Akt_hsa04151,0.0,0.0
gene_PKN2,PKN2,0,0.0,0.0,0.0,0.0,PI3K_Akt_hsa04151,0.0,0.0
gene_GNG13,GNG13,0,0.0,0.0,0.0,0.0,PI3K_Akt_hsa04151,0.0,0.0
gene_RRAS,RRAS,0,0.0,0.0,0.0,0.0,MAPK_hsa04010,0.0,0.0
gene_PORCN,PORCN,0,0.0,0.0,0.0,0.0,WNT_hsa04310,0.0,0.0
gene_MAPK3,MAPK3,0,0.0,0.0,0.0,0.0,PI3K_Akt_hsa04151,0.0,0.0
gene_LIG1,LIG1,0,0.0,0.0,0.0,0.0,MMR_hsa03430,0.0,0.0
gene_GNG5,GNG5,0,0.0,0.0,0.0,0.0,PI3K_Akt_hsa04151,-0.0030462184873949584,0.004589506780452405
gene_HSPB1,HSPB1,0,0.0,0.0,0.0,0.0,MAPK_hsa04010,0.001050420168067201,0.0068075007336216966
gene_ATP6V1G1,ATP6V1G1,0,0.0,0.0,0.0,0.0,mTOR_hsa04150,0.007352941176470562,0.004305441498302337
gene_CSF1R,CSF1R,0,0.0,0.0,0.0,0.0,PI3K_Akt_hsa04151,0.0,0.0
gene_PLCB1,PLCB1,0,0.0,0.0,0.0,0.0,WNT_hsa04310,0.0,0.0
gene_NTF4,NTF4,0,0.0,0.0,0.0,0.0,PI3K_Akt_hsa04151,0.0,0.0
gene_PPP3R1,PPP3R1,0,0.0,0.0,0.0,0.0,WNT_hsa04310,0.0,0.0
gene_IFNA7,IFNA7,0,0.0,0.0,0.0,0.0,PI3K_Akt_hsa04151,-0.0128151260504202,0.008453109049886854
gene_ITGA1,ITGA1,0,0.0,0.0,0.0,0.0,PI3K_Akt_hsa04151,0.0,0.0
gene_CACNA1G,CACNA1G,0,0.0,0.0,0.0,0.0,MAPK_hsa04010,0.0,0.0
gene_CHUK,CHUK,0,0.0,0.0,0.0,0.0,PI3K_Akt_hsa04151,0.0,0.0
gene_MAP3K9,MAP3K9,0,0.0,0.0,0.0,0.0,MAPK_hsa04010,-0.00031512605042016695,0.005398178637617459
gene_PPP3CC,PPP3CC,0,0.0,0.0,0.0,0.0,WNT_hsa04310,0.0,0.0
gene_TNN,TNN,0,0.0,0.0,0.0,0.0,PI3K_Akt_hsa04151,0.0,0.0
gene_PIK3C2A,PIK3C2A,0,0.0,0.0,0.0,0.0,IGF1_signaling,0.0,0.0
gene_LGR4,LGR4,0,0.0,0.0,0.0,0.0,WNT_hsa04310,0.0,0.0
gene_CSHL1,CSHL1,0,0.0,0.0,0.0,0.0,PI3K_Akt_hsa04151,0.0,0.0
gene_HSPA1L,HSPA1L,0,0.0,0.0,0.0,0.0,MAPK_hsa04010,0.0,0.0
gene_PPP5C,PPP5C,0,0.0,0.0,0.0,0.0,MAPK_hsa04010,0.0,0.0
gene_MAP4K3,MAP4K3,0,0.0,0.0,0.0,0.0,MAPK_hsa04010,0.0,0.0008136519634889503
gene_DAXX,DAXX,0,0.0,0.0,0.0,0.0,MAPK_hsa04010,0.0,0.0
gene_MTOR,MTOR,0,0.0,0.0,0.0,0.0,PI3K_Akt_hsa04151,0.0,0.0
gene_IFNA14,IFNA14,0,0.0,0.0,0.0,0.0,PI3K_Akt_hsa04151,0.0,0.0
gene_FZD3,FZD3,0,0.0,0.0,0.0,0.0,WNT_hsa04310,0.0,0.0
gene_IFNA13,IFNA13,0,0.0,0.0,0.0,0.0,PI3K_Akt_hsa04151,0.0,0.0
gene_STRADA,STRADA,0,0.0,0.0,0.0,0.0,mTOR_hsa04150,0.0,0.0
gene_TPTEP2-CSNK1E,TPTEP2-CSNK1E,0,0.0,0.0,0.0,0.0,WNT_hsa04310,0.0,0.0
gene_PRICKLE4,PRICKLE4,0,0.0,0.0,0.0,0.0,WNT_hsa04310,0.0014705882352940903,0.011708298145456108
gene_P3R3URF-PIK3R3,P3R3URF-PIK3R3,0,0.0,0.0,0.0,0.0,PI3K_Akt_hsa04151,-0.004096638655462182,0.0034021291472062063
gene_PIK3R6,PIK3R6,0,0.0,0.0,0.0,0.0,PI3K_Akt_hsa04151,0.0,0.0
gene_SOCS7,SOCS7,0,0.0,0.0,0.0,0.0,IGF1_signaling,0.0,0.0
gene_CASTOR2,CASTOR2,0,0.0,0.0,0.0,0.0,mTOR_hsa04150,0.0,0.0
gene_SLC7A5,SLC7A5,0,0.0,0.0,0.0,0.0,mTOR_hsa04150,0.0,0.0
gene_RBL2,RBL2,0,0.0,0.0,0.0,0.0,PI3K_Akt_hsa04151,0.0,0.0
gene_MAP3K14,MAP3K14,0,0.0,0.0,0.0,0.0,MAPK_hsa04010,0.0,0.0
gene_INS,INS,0,0.0,0.0,0.0,0.0,PI3K_Akt_hsa04151,0.0,0.0
gene_SGK3,SGK3,0,0.0,0.0,0.0,0.0,PI3K_Akt_hsa04151,-0.0007352941176470784,0.00669390502788017
gene_DVL2,DVL2,0,0.0,0.0,0.0,0.0,WNT_hsa04310,0.008718487394957963,0.009277654397794748
gene_SOCS2,SOCS2,0,0.0,0.0,0.0,0.0,IGF1_signaling,-0.011029411764705899,0.00517271943371646
gene_EFNA4,EFNA4,0,0.0,0.0,0.0,0.0,PI3K_Akt_hsa04151,0.0,0.0
gene_APAF1,APAF1,0,0.0,0.0,0.0,0.0,p53_hsa04115,0.0,0.0
gene_ITGA2B,ITGA2B,0,0.0,0.0,0.0,0.0,PI3K_Akt_hsa04151,0.009873949579831898,0.004436704218895546
gene_IL7,IL7,0,0.0,0.0,0.0,0.0,PI3K_Akt_hsa04151,0.0,0.0
gene_PPP2CB,PPP2CB,0,0.0,0.0,0.0,0.0,PI3K_Akt_hsa04151,0.0,0.0
gene_CACNA1E,CACNA1E,0,0.0,0.0,0.0,0.0,MAPK_hsa04010,0.0,0.0
gene_IL3RA.2,IL3RA.2,0,0.0,0.0,0.0,0.0,Unknown,0.0,0.0
gene_RXRA,RXRA,0,0.0,0.0,0.0,0.0,PI3K_Akt_hsa04151,0.0,0.0
gene_KITLG,KITLG,0,0.0,0.0,0.0,0.0,PI3K_Akt_hsa04151,0.0,0.0
gene_IL1B,IL1B,0,0.0,0.0,0.0,0.0,MAPK_hsa04010,0.0,0.0
gene_ROR1,ROR1,0,0.0,0.0,0.0,0.0,WNT_hsa04310,0.0,0.0
gene_LAMC3,LAMC3,0,0.0,0.0,0.0,0.0,PI3K_Akt_hsa04151,0.010504201680672232,0.0057149035750989055
gene_SOCS1,SOCS1,0,0.0,0.0,0.0,0.0,IGF1_signaling,0.0,0.0
gene_IL3RA.3,IL3RA.3,0,0.0,0.0,0.0,0.0,Unknown,0.0,0.0
gene_IL3RA.1,IL3RA.1,0,0.0,0.0,0.0,0.0,Unknown,0.0,0.0
gene_RAP2A,RAP2A,0,0.0,0.0,0.0,0.0,IGF1_signaling,0.0,0.0
gene_IL3RA,IL3RA,0,0.0,0.0,0.0,0.0,PI3K_Akt_hsa04151,0.0,0.0
gene_SIVA1,SIVA1,0,0.0,0.0,0.0,0.0,p53_hsa04115,0.0,0.0
gene_MAPK9,MAPK9,0,0.0,0.0,0.0,0.0,WNT_hsa04310,-0.011344537815126066,0.007213565005625798
gene_CSF1,CSF1,0,0.0,0.0,0.0,0.0,PI3K_Akt_hsa04151,0.0,0.0
gene_FNIP2,FNIP2,0,0.0,0.0,0.0,0.0,mTOR_hsa04150,0.0,0.0
gene_CUL1,CUL1,0,0.0,0.0,0.0,0.0,WNT_hsa04310,0.0,0.0
gene_ZNRF3,ZNRF3,0,0.0,0.0,0.0,0.0,WNT_hsa04310,-0.0037815126050420255,0.006810741629179525
gene_GNG2,GNG2,0,0.0,0.0,0.0,0.0,PI3K_Akt_hsa04151,0.0,0.0
gene_WNT1,WNT1,0,0.0,0.0,0.0,0.0,WNT_hsa04310,0.0,0.0
gene_IGF1,IGF1,0,0.0,0.0,0.0,0.0,PI3K_Akt_hsa04151,0.0,0.0
gene_FAS,FAS,0,0.0,0.0,0.0,0.0,p53_hsa04115,0.0,0.0
gene_PKN1,PKN1,0,0.0,0.0,0.0,0.0,PI3K_Akt_hsa04151,0.0,0.0
gene_FLNA,FLNA,0,0.0,0.0,0.0,0.0,MAPK_hsa04010,-0.00031512605042017806,0.015481140759933282
gene_LAMB3,LAMB3,0,0.0,0.0,0.0,0.0,PI3K_Akt_hsa04151,0.0007352941176470562,0.0054994286187850325
gene_TLE1,TLE1,0,0.0,0.0,0.0,0.0,WNT_hsa04310,0.0,0.0
gene_LAMA2,LAMA2,0,0.0,0.0,0.0,0.0,PI3K_Akt_hsa04151,0.0,0.0
gene_CACNA1H,CACNA1H,0,0.0,0.0,0.0,0.0,MAPK_hsa04010,0.0,0.0
gene_SIAH1,SIAH1,0,0.0,0.0,0.0,0.0,WNT_hsa04310,0.0,0.0
gene_IBSP,IBSP,0,0.0,0.0,0.0,0.0,PI3K_Akt_hsa04151,0.0,0.0
gene_EPOR,EPOR,0,0.0,0.0,0.0,0.0,PI3K_Akt_hsa04151,0.0,0.0
gene_MAP2K3,MAP2K3,0,0.0,0.0,0.0,0.0,MAPK_hsa04010,0.0,0.0
gene_IFNA6,IFNA6,0,0.0,0.0,0.0,0.0,PI3K_Akt_hsa04151,0.0,0.0
gene_FZD9,FZD9,0,0.0,0.0,0.0,0.0,WNT_hsa04310,0.0,0.0
gene_JAK2,JAK2,0,0.0,0.0,0.0,0.0,PI3K_Akt_hsa04151,0.0,0.0
gene_FLT4,FLT4,0,0.0,0.0,0.0,0.0,PI3K_Akt_hsa04151,0.0,0.0
gene_EREG,EREG,0,0.0,0.0,0.0,0.0,PI3K_Akt_hsa04151,0.0,0.0
gene_TNC,TNC,0,0.0,0.0,0.0,0.0,PI3K_Akt_hsa04151,0.0,0.0
gene_MAP4K1,MAP4K1,0,0.0,0.0,0.0,0.0,MAPK_hsa04010,0.0,0.0
gene_TGFB3,TGFB3,0,0.0,0.0,0.0,0.0,MAPK_hsa04010,0.0,0.0
gene_CREB3,CREB3,0,0.0,0.0,0.0,0.0,PI3K_Akt_hsa04151,0.0,0.0
gene_NPRL2,NPRL2,0,0.0,0.0,0.0,0.0,mTOR_hsa04150,0.06092436974789911,0.019735603180731046
gene_VEGFC,VEGFC,0,0.0,0.0,0.0,0.0,PI3K_Akt_hsa04151,0.0,0.0
gene_ITGB1,ITGB1,0,0.0,0.0,0.0,0.0,PI3K_Akt_hsa04151,-0.003151260504201703,0.007262347066152795
gene_PLCB3,PLCB3,0,0.0,0.0,0.0,0.0,WNT_hsa04310,0.0,0.0
gene_PDGFRB,PDGFRB,0,0.0,0.0,0.0,0.0,PI3K_Akt_hsa04151,0.0,0.0
gene_WNT5A,WNT5A,0,0.0,0.0,0.0,0.0,WNT_hsa04310,-0.004831932773109271,0.005150273391651795
gene_LAMTOR1,LAMTOR1,0,0.0,0.0,0.0,0.0,mTOR_hsa04150,0.0,0.0
gene_PPP2R5C,PPP2R5C,0,0.0,0.0,0.0,0.0,PI3K_Akt_hsa04151,0.0,0.0
gene_PRKAR2A,PRKAR2A,0,0.0,0.0,0.0,0.0,IGF1_signaling,-0.006932773109243728,0.013705467588487489
gene_DAAM1,DAAM1,0,0.0,0.0,0.0,0.0,WNT_hsa04310,0.0,0.0
gene_CACNA2D4,CACNA2D4,0,0.0,0.0,0.0,0.0,MAPK_hsa04010,0.0,0.0
gene_MAPKAPK3,MAPKAPK3,0,0.0,0.0,0.0,0.0,MAPK_hsa04010,-0.0045168067226890925,0.005943002167989786
gene_SESN1,SESN1,0,0.0,0.0,0.0,0.0,p53_hsa04115,0.0,0.0
gene_IFNA5,IFNA5,0,0.0,0.0,0.0,0.0,PI3K_Akt_hsa04151,0.0,0.0
gene_CER1,CER1,0,0.0,0.0,0.0,0.0,WNT_hsa04310,0.0,0.0
gene_RSPO2,RSPO2,0,0.0,0.0,0.0,0.0,WNT_hsa04310,0.0,0.0
gene_ATP6V1B2,ATP6V1B2,0,0.0,0.0,0.0,0.0,mTOR_hsa04150,0.0,0.0
gene_IL2RG,IL2RG,0,0.0,0.0,0.0,0.0,PI3K_Akt_hsa04151,-0.002941176470588225,0.0009157350721724071
gene_PSEN1,PSEN1,0,0.0,0.0,0.0,0.0,WNT_hsa04310,0.0,0.0
gene_FOXO1,FOXO1,0,0.0,0.0,0.0,0.0,IGF1_signaling,0.0,0.0
gene_MAPK1,MAPK1,0,0.0,0.0,0.0,0.0,PI3K_Akt_hsa04151,0.023319327731092375,0.010904150649042831
gene_COL4A2,COL4A2,0,0.0,0.0,0.0,0.0,PI3K_Akt_hsa04151,0.0,0.0
gene_IL4R,IL4R,0,0.0,0.0,0.0,0.0,PI3K_Akt_hsa04151,0.005357142857142827,0.007682443068582575
gene_MAPK13,MAPK13,0,0.0,0.0,0.0,0.0,MAPK_hsa04010,0.0,0.0
gene_WNT2B,WNT2B,0,0.0,0.0,0.0,0.0,WNT_hsa04310,0.0,0.0
gene_MLH1,MLH1,0,0.0,0.0,0.0,0.0,MMR_hsa03430,-0.007142857142857206,0.007730407349989109
gene_WIF1,WIF1,0,0.0,0.0,0.0,0.0,WNT_hsa04310,0.0,0.0
gene_LAMTOR5,LAMTOR5,0,0.0,0.0,0.0,0.0,mTOR_hsa04150,0.0,0.0
gene_GPC4,GPC4,0,0.0,0.0,0.0,0.0,WNT_hsa04310,0.0,0.0
gene_PRLR,PRLR,0,0.0,0.0,0.0,0.0,PI3K_Akt_hsa04151,-0.0034663865546218807,0.005677129881038522
gene_IL4,IL4,0,0.0,0.0,0.0,0.0,PI3K_Akt_hsa04151,-0.0012605042016807012,0.01009496956028062
gene_LAMB1,LAMB1,0,0.0,0.0,0.0,0.0,PI3K_Akt_hsa04151,0.0,0.0
gene_EIF4E,EIF4E,0,0.0,0.0,0.0,0.0,PI3K_Akt_hsa04151,0.0,0.0
gene_IL2RA,IL2RA,0,0.0,0.0,0.0,0.0,PI3K_Akt_hsa04151,0.010819327731092388,0.010650763252278359
gene_PRKCA,PRKCA,0,0.0,0.0,0.0,0.0,WNT_hsa04310,0.01407563025210079,0.008626245868759588
gene_PPP2R5E,PPP2R5E,0,0.0,0.0,0.0,0.0,PI3K_Akt_hsa04151,0.0,0.0
gene_FGFR1,FGFR1,0,0.0,0.0,0.0,0.0,PI3K_Akt_hsa04151,0.0,0.0
gene_ITGA8,ITGA8,0,0.0,0.0,0.0,0.0,PI3K_Akt_hsa04151,-0.007457983193277329,0.011414834335485294
gene_FLT3LG,FLT3LG,0,0.0,0.0,0.0,0.0,PI3K_Akt_hsa04151,0.0,0.0
gene_G6PC2,G6PC2,0,0.0,0.0,0.0,0.0,PI3K_Akt_hsa04151,0.0037815126050419813,0.016138228287486223
gene_CSNK1A1,CSNK1A1,0,0.0,0.0,0.0,0.0,WNT_hsa04310,0.0,0.0
gene_IGFBP1,IGFBP1,0,0.0,0.0,0.0,0.0,IGF1_signaling,0.0,0.0
gene_EGFR,EGFR,0,0.0,0.0,0.0,0.0,PI3K_Akt_hsa04151,0.0,0.0
gene_KDR,KDR,0,0.0,0.0,0.0,0.0,PI3K_Akt_hsa04151,0.0,0.0
gene_CHAD,CHAD,0,0.0,0.0,0.0,0.0,PI3K_Akt_hsa04151,0.0,0.0
gene_RRAGB,RRAGB,0,0.0,0.0,0.0,0.0,mTOR_hsa04150,0.0,0.0
gene_FGF7,FGF7,0,0.0,0.0,0.0,0.0,PI3K_Akt_hsa04151,0.0,0.0
gene_ITGB7,ITGB7,0,0.0,0.0,0.0,0.0,PI3K_Akt_hsa04151,0.0,0.0
gene_CD82,CD82,0,0.0,0.0,0.0,0.0,p53_hsa04115,0.0,0.0
gene_LGR5,LGR5,0,0.0,0.0,0.0,0.0,WNT_hsa04310,0.0,0.0
gene_PIK3C2G,PIK3C2G,0,0.0,0.0,0.0,0.0,IGF1_signaling,0.0,0.0
gene_LAMTOR2,LAMTOR2,0,0.0,0.0,0.0,0.0,mTOR_hsa04150,0.0,0.0
gene_EGF,EGF,0,0.0,0.0,0.0,0.0,PI3K_Akt_hsa04151,-0.02226890756302523,0.01516247947543371
gene_FGF5,FGF5,0,0.0,0.0,0.0,0.0,PI3K_Akt_hsa04151,0.0,0.0
gene_PDPK1,PDPK1,0,0.0,0.0,0.0,0.0,PI3K_Akt_hsa04151,0.001680672268907546,0.004386683407105275
gene_PDGFB,PDGFB,0,0.0,0.0,0.0,0.0,PI3K_Akt_hsa04151,0.0,0.0
gene_RASD2,RASD2,0,0.0,0.0,0.0,0.0,IGF1_signaling,0.0,0.0
gene_PLCB2,PLCB2,0,0.0,0.0,0.0,0.0,WNT_hsa04310,0.0,0.0
gene_ITGA11,ITGA11,0,0.0,0.0,0.0,0.0,PI3K_Akt_hsa04151,0.0,0.0
gene_MAP3K4,MAP3K4,0,0.0,0.0,0.0,0.0,MAPK_hsa04010,0.0,0.0
gene_TLR2,TLR2,0,0.0,0.0,0.0,0.0,PI3K_Akt_hsa04151,0.0,0.0
gene_ARTN,ARTN,0,0.0,0.0,0.0,0.0,PI3K_Akt_hsa04151,0.0,0.0
gene_CCN3,CCN3,0,0.0,0.0,0.0,0.0,IGF1_signaling,-0.007983193277310962,0.0036448217590120723
gene_RAC1,RAC1,0,0.0,0.0,0.0,0.0,WNT_hsa04310,0.0,0.0
gene_ARRB2,ARRB2,0,0.0,0.0,0.0,0.0,MAPK_hsa04010,0.012079831932773077,0.008677894769883546
gene_GNA12,GNA12,0,0.0,0.0,0.0,0.0,MAPK_hsa04010,0.0,0.0
gene_CDK4,CDK4,0,0.0,0.0,0.0,0.0,PI3K_Akt_hsa04151,0.0,0.0
gene_DAAM2,DAAM2,0,0.0,0.0,0.0,0.0,WNT_hsa04310,-0.020483193277310963,0.012737833448447375
gene_RASA1,RASA1,0,0.0,0.0,0.0,0.0,MAPK_hsa04010,0.0,0.0
gene_MAP3K7,MAP3K7,0,0.0,0.0,0.0,0.0,WNT_hsa04310,0.0,0.0
gene_NKD2,NKD2,0,0.0,0.0,0.0,0.0,WNT_hsa04310,0.0,0.0
gene_CAMK2D,CAMK2D,0,0.0,0.0,0.0,0.0,WNT_hsa04310,0.0,0.0
gene_ITGA4,ITGA4,0,0.0,0.0,0.0,0.0,PI3K_Akt_hsa04151,0.0,0.0
gene_CACNA1S,CACNA1S,0,0.0,0.0,0.0,0.0,MAPK_hsa04010,0.0,0.0
gene_DUSP10,DUSP10,0,0.0,0.0,0.0,0.0,MAPK_hsa04010,0.0,0.0
gene_PHLPP1,PHLPP1,0,0.0,0.0,0.0,0.0,PI3K_Akt_hsa04151,0.0,0.0
gene_CAB39,CAB39,0,0.0,0.0,0.0,0.0,mTOR_hsa04150,0.002100840336134424,0.008649239012705427
gene_EPHA2,EPHA2,0,0.0,0.0,0.0,0.0,PI3K_Akt_hsa04151,0.0,0.0
gene_WNT11,WNT11,0,0.0,0.0,0.0,0.0,WNT_hsa04310,0.0,0.0
gene_IL1R1,IL1R1,0,0.0,0.0,0.0,0.0,MAPK_hsa04010,0.012184873949579799,0.009397592120313023
gene_WNT6,WNT6,0,0.0,0.0,0.0,0.0,WNT_hsa04310,0.0,0.0
gene_ATP6V1B1,ATP6V1B1,0,0.0,0.0,0.0,0.0,mTOR_hsa04150,0.0,0.0
gene_RBX1,RBX1,0,0.0,0.0,0.0,0.0,WNT_hsa04310,0.0,0.0
gene_RPTOR,RPTOR,0,0.0,0.0,0.0,0.0,PI3K_Akt_hsa04151,0.004621848739495759,0.013640910151888995
gene_IL2RB,IL2RB,0,0.0,0.0,0.0,0.0,PI3K_Akt_hsa04151,-0.0025210084033613577,0.006340919442347316
gene_RASGRF2,RASGRF2,0,0.0,0.0,0.0,0.0,MAPK_hsa04010,0.0,0.0
gene_RRAS2,RRAS2,0,0.0,0.0,0.0,0.0,MAPK_hsa04010,0.0,0.0
gene_KIT,KIT,0,0.0,0.0,0.0,0.0,PI3K_Akt_hsa04151,0.0,0.0
gene_PPP2R3B.1,PPP2R3B.1,0,0.0,0.0,0.0,0.0,Unknown,0.002836134453781469,0.013712308953968773
gene_GNG4,GNG4,0,0.0,0.0,0.0,0.0,PI3K_Akt_hsa04151,0.012815126050420123,0.008321555596780793
gene_CTNNB1,CTNNB1,0,0.0,0.0,0.0,0.0,WNT_hsa04310,0.0,0.0
gene_MLST8,MLST8,0,0.0,0.0,0.0,0.0,PI3K_Akt_hsa04151,0.0,0.0
gene_DEPDC5,DEPDC5,0,0.0,0.0,0.0,0.0,mTOR_hsa04150,0.0,0.0
gene_PPP2R5B,PPP2R5B,0,0.0,0.0,0.0,0.0,PI3K_Akt_hsa04151,0.012920168067226855,0.006904864886363345
gene_LRP6,LRP6,0,0.0,0.0,0.0,0.0,WNT_hsa04310,0.0,0.0
gene_VTN,VTN,0,0.0,0.0,0.0,0.0,PI3K_Akt_hsa04151,0.0,0.0
gene_PPP2R3B.3,PPP2R3B.3,0,0.0,0.0,0.0,0.0,Unknown,0.0,0.0
gene_CRK,CRK,0,0.0,0.0,0.0,0.0,MAPK_hsa04010,0.0,0.0
gene_CHRM1,CHRM1,0,0.0,0.0,0.0,0.0,PI3K_Akt_hsa04151,0.0,0.0
gene_GNGT2,GNGT2,0,0.0,0.0,0.0,0.0,PI3K_Akt_hsa04151,0.0,0.0
gene_LAMTOR3,LAMTOR3,0,0.0,0.0,0.0,0.0,mTOR_hsa04150,0.0,0.0
gene_CSNK2A2,CSNK2A2,0,0.0,0.0,0.0,0.0,WNT_hsa04310,0.0,0.0
gene_LAMA5,LAMA5,0,0.0,0.0,0.0,0.0,PI3K_Akt_hsa04151,0.0012605042016806457,0.010984803749917104
gene_MAP3K10,MAP3K10,0,0.0,0.0,0.0,0.0,MAPK_hsa04010,0.0038865546218487144,0.005315790306252088
gene_NFKB1,NFKB1,0,0.0,0.0,0.0,0.0,PI3K_Akt_hsa04151,-0.011764705882352977,0.028000348036211996
gene_SESN2,SESN2,0,0.0,0.0,0.0,0.0,p53_hsa04115,0.0,0.0
gene_MAPK10,MAPK10,0,0.0,0.0,0.0,0.0,WNT_hsa04310,0.0,0.0
gene_TNXB,TNXB,0,0.0,0.0,0.0,0.0,PI3K_Akt_hsa04151,0.0,0.0
gene_ECSIT,ECSIT,0,0.0,0.0,0.0,0.0,MAPK_hsa04010,-0.007668067226890807,0.014494656513306546
gene_MAPKAP1,MAPKAP1,0,0.0,0.0,0.0,0.0,mTOR_hsa04150,0.0,0.0
gene_FOS,FOS,0,0.0,0.0,0.0,0.0,MAPK_hsa04010,0.0,0.0
gene_BCL2L1,BCL2L1,0,0.0,0.0,0.0,0.0,PI3K_Akt_hsa04151,0.0,0.0
gene_LPAR3,LPAR3,0,0.0,0.0,0.0,0.0,PI3K_Akt_hsa04151,0.0,0.0
gene_MAPK8,MAPK8,0,0.0,0.0,0.0,0.0,WNT_hsa04310,0.0,0.0
gene_YWHAH,YWHAH,0,0.0,0.0,0.0,0.0,PI3K_Akt_hsa04151,0.0,0.0
gene_INSR,INSR,0,0.0,0.0,0.0,0.0,PI3K_Akt_hsa04151,0.0,0.0
gene_PDGFD,PDGFD,0,0.0,0.0,0.0,0.0,PI3K_Akt_hsa04151,0.019642857142857108,0.005060583811111743
gene_PPP3CB,PPP3CB,0,0.0,0.0,0.0,0.0,WNT_hsa04310,0.010294117647058797,0.0156494979550115
gene_SOCS6,SOCS6,0,0.0,0.0,0.0,0.0,IGF1_signaling,0.0,0.0
gene_RHOA,RHOA,0,0.0,0.0,0.0,0.0,WNT_hsa04310,0.0,0.0
gene_TGFB2,TGFB2,0,0.0,0.0,0.0,0.0,MAPK_hsa04010,0.0,0.0
gene_PRKCZ,PRKCZ,0,0.0,0.0,0.0,0.0,IGF1_signaling,-0.0044117647058823815,0.007058948578324154
gene_WNT10B,WNT10B,0,0.0,0.0,0.0,0.0,WNT_hsa04310,0.0,0.0
gene_CTNND2,CTNND2,0,0.0,0.0,0.0,0.0,WNT_hsa04310,0.0,0.0
gene_RAC3,RAC3,0,0.0,0.0,0.0,0.0,WNT_hsa04310,-0.0037815126050420034,0.002004073952556601
gene_MAP3K8,MAP3K8,0,0.0,0.0,0.0,0.0,MAPK_hsa04010,0.0,0.0
gene_RAC2,RAC2,0,0.0,0.0,0.0,0.0,WNT_hsa04310,0.016281512605041994,0.013388222134189923
gene_DUSP3,DUSP3,0,0.0,0.0,0.0,0.0,MAPK_hsa04010,-0.0030462184873949806,0.0062400616555794795
gene_IL7R,IL7R,0,0.0,0.0,0.0,0.0,PI3K_Akt_hsa04151,0.0,0.0
gene_TSC1,TSC1,0,0.0,0.0,0.0,0.0,PI3K_Akt_hsa04151,0.0,0.0
gene_CLIP1,CLIP1,0,0.0,0.0,0.0,0.0,mTOR_hsa04150,0.0,0.0
gene_PRKACG,PRKACG,0,0.0,0.0,0.0,0.0,WNT_hsa04310,0.0,0.0
gene_SHC1,SHC1,0,0.0,0.0,0.0,0.0,IGF1_signaling,0.0,0.0
gene_RAF1,RAF1,0,0.0,0.0,0.0,0.0,PI3K_Akt_hsa04151,0.017331932773109193,0.014572095518451806
gene_NFATC4,NFATC4,0,0.0,0.0,0.0,0.0,WNT_hsa04310,0.0,0.0
gene_INVS,INVS,0,0.0,0.0,0.0,0.0,WNT_hsa04310,0.0,0.0
gene_MAP4K4,MAP4K4,0,0.0,0.0,0.0,0.0,MAPK_hsa04010,0.0,0.0
gene_PRKACA,PRKACA,0,0.0,0.0,0.0,0.0,WNT_hsa04310,0.0,0.0
gene_ANGPT2,ANGPT2,0,0.0,0.0,0.0,0.0,PI3K_Akt_hsa04151,0.0,0.0
gene_CRTC2,CRTC2,0,0.0,0.0,0.0,0.0,PI3K_Akt_hsa04151,0.0014705882352940903,0.00956055483443928
gene_CHD8,CHD8,0,0.0,0.0,0.0,0.0,WNT_hsa04310,0.006722689075630228,0.00641014550520685
gene_RPS6KA5,RPS6KA5,0,0.0,0.0,0.0,0.0,MAPK_hsa04010,0.0,0.0
gene_SYK,SYK,0,0.0,0.0,0.0,0.0,PI3K_Akt_hsa04151,0.0,0.0
gene_PERP,PERP,0,0.0,0.0,0.0,0.0,p53_hsa04115,0.0,0.0
gene_PLA2G4D,PLA2G4D,0,0.0,0.0,0.0,0.0,MAPK_hsa04010,0.0,0.0
gene_CASP9,CASP9,0,0.0,0.0,0.0,0.0,PI3K_Akt_hsa04151,0.0,0.0
gene_PPP2R5D,PPP2R5D,0,0.0,0.0,0.0,0.0,PI3K_Akt_hsa04151,0.0,0.0
gene_LGR6,LGR6,0,0.0,0.0,0.0,0.0,WNT_hsa04310,0.0,0.0
gene_PPM1A,PPM1A,0,0.0,0.0,0.0,0.0,MAPK_hsa04010,0.0,0.0
gene_THBS4,THBS4,0,0.0,0.0,0.0,0.0,PI3K_Akt_hsa04151,0.0,0.0
gene_GTSE1,GTSE1,0,0.0,0.0,0.0,0.0,p53_hsa04115,0.0,0.0
gene_WNT4,WNT4,0,0.0,0.0,0.0,0.0,WNT_hsa04310,0.0,0.0
gene_VANGL2,VANGL2,0,0.0,0.0,0.0,0.0,WNT_hsa04310,0.0,0.0
gene_MAPKAPK2,MAPKAPK2,0,0.0,0.0,0.0,0.0,MAPK_hsa04010,0.0,0.0
gene_DUSP16,DUSP16,0,0.0,0.0,0.0,0.0,MAPK_hsa04010,0.0,0.0
gene_FZD6,FZD6,0,0.0,0.0,0.0,0.0,WNT_hsa04310,0.0,0.0
gene_IL2,IL2,0,0.0,0.0,0.0,0.0,PI3K_Akt_hsa04151,0.0,0.0
gene_CAMK2A,CAMK2A,0,0.0,0.0,0.0,0.0,WNT_hsa04310,0.005777310924369716,0.010858011939355747
gene_MIOS,MIOS,0,0.0,0.0,0.0,0.0,mTOR_hsa04150,-0.003781512605042059,0.015121673036074047
gene_COL9A3,COL9A3,0,0.0,0.0,0.0,0.0,PI3K_Akt_hsa04151,0.00031512605042016695,0.0010556592038992493
gene_RAPGEF2,RAPGEF2,0,0.0,0.0,0.0,0.0,MAPK_hsa04010,0.0,0.0
gene_CASP3,CASP3,0,0.0,0.0,0.0,0.0,p53_hsa04115,0.0,0.0
gene_PTPN5,PTPN5,0,0.0,0.0,0.0,0.0,MAPK_hsa04010,0.0,0.0
gene_DUSP7,DUSP7,0,0.0,0.0,0.0,0.0,MAPK_hsa04010,0.0,0.0
gene_SHISA5,SHISA5,0,0.0,0.0,0.0,0.0,p53_hsa04115,0.0,0.0
gene_VWF,VWF,0,0.0,0.0,0.0,0.0,PI3K_Akt_hsa04151,0.0,0.0
gene_WNT5B,WNT5B,0,0.0,0.0,0.0,0.0,WNT_hsa04310,0.0,0.0
gene_PRICKLE2,PRICKLE2,0,0.0,0.0,0.0,0.0,WNT_hsa04310,0.0,0.0
gene_PPP2R3C,PPP2R3C,0,0.0,0.0,0.0,0.0,PI3K_Akt_hsa04151,0.0,0.0
gene_TGFBR2,TGFBR2,0,0.0,0.0,0.0,0.0,MAPK_hsa04010,0.0,0.0
gene_IGFBP7,IGFBP7,0,0.0,0.0,0.0,0.0,IGF1_signaling,0.0,0.0
gene_TP53AIP1,TP53AIP1,0,0.0,0.0,0.0,0.0,p53_hsa04115,0.0,0.0
gene_NPRL3,NPRL3,0,0.0,0.0,0.0,0.0,mTOR_hsa04150,0.0,0.0
